"aikuinen, aikuistua, aikuisuus"
"ajaa, ajaja"
"asua, asuin, asukas, asunto, asuttaa, asuinpaikka, asuinrakennus, asuma, asumus, asustaa, asutus"
biisi
bmw
"edustaja, edustaa, edustava, edustus, edustuksellinen"
"eläin, eläimellinen, eläimistö, eläinkunta, eläinperäinen"
erityinen
pihvi
"haluta, haluttu, halu"
"haukkua, haukkumanimi, haukkumasana, solvata"
"herkullinen, herkku, maukas"
"huono, huonota, kehno"
hylly
"hyvä, hyvyys, parempi, parhaiten, paras"
"iso, iso"
"jalka, jalkapohja, jalkapöytä, jalkaterä"
"jalostaa, jalostamo, jalostua"
joskus
"joulu, jouluinen"
kinkku
"aika, aikaan, ajallinen, ajoissa, ajoittain, ajoitus"
pöytä
juice
kaikkiruokainen
karsina
"kasvattaa, kasvaa, kasvattaja, kasvu"
kauppa
"sydän, sydämellinen"
kieriä
kilo
kippura
häntä
koira
insinööri
"kilta, kilta"
"korva, korvalehti, korvainen, korvakäytävä, kuulokäytävä"
"koti, koti, kotiolot, kotoisa, kotoisin, kotona"
"kulkea, kulkeminen, kulkija"
kuono
kärsä
"käytös, käytöksinen, käyttäytyä, käyttäytyminen"
"tapa, tapainen"
laiska
liha
lähde
"lähteä, lähtöinen, lähtöisin, lähtöisin"
läski
lätti
maatila
"makuinen, maku"
"mennä, menevä"
"mies, miehekäs, miehinen, miesmäinen, miespuolinen"
sukupuoli
minuutti
mitä
monesti
muta
muslimi
möyriä
"nahka, nahas, nahkainen"
tuotanto
navetta
"neljä, nejlä, neljä"
nisäkäs
näköinen
orgasmi
"painaa, painauma, painava, painavuus, paino"
"paljon, paljo, paljous, monta"
pekoni
"pieni, pienehkö, pienoinen, pienoiskoko, pienuus, pikku, pikkuinen"
"pinkki, vaaleanpunainen"
poikanen
"porsas, possu"
raaka-aine
"rakenne, rakenteinen"
"ravinto, ravitsemus, ravita"
rypeä
röhkiä
saada
"sana, sanallinen"
saparo
sataa
sekasyöjä
"sikala, sika"
sinappi
sopimaton
sorkka
"suhteellinen, suhtautua, suhteuttaa"
synonyymi
söpö
takia
"teurastaa, teuras"
tykätä
tähde
"tärkeä, tärkeys"
töpseli
nenä
törkeä
vaalea
"punainen, puna, punata, punertaa, punertava, punertua, punoittaa, punoitus"
"vahva, vahvuus"
"viitata, viita"
villi
"voida, voi"
"väri, väriin, värikäs, värillinen, värinen, värinen"
yleensä
"älykäs, äly, älykkyys, älyllinen"
"aina, ainainen"
maailma
"antaa, anto"
asia
asuste
aueta
"auki, aukaista, aukinainen, avata, avautua, avaus"
"erilainen, erilaisuus, eriävä, erikoinen, erimallinen"
erinäinen
erivärinen
esimerkki
henkari
"hiha, hihansuu"
huppu
"hurmata, hurmaava, hurmos"
"hyödyllinen, hyödyke, hyödyllisyys, hyödyntää, hyödyttää, hyöty, hyöty, hyötyä"
"ilmaista, ilmaisu, ilmaus"
ilma
ja
"kaksi, pari"
kallis
"kangas, kankainen"
"kantaja, kantaa"
keski
"kesä, kesäinen"
kiinni
kutoa
"kylmä, kylmettyä, kylmyys"
"käyttäjä, käyttää, käytt, käyttö"
"laittaa, laitto"
"lantio, lanne"
takki
"lämmin, lämmetä, lämmike, lämpeneminen, lämpimyys, lämpö, lämpöinen"
"lämmittää, lämmitin, lämmitys"
"maksaa, maksu, maksullinen"
massatuotanto
"materiaali, materia, materiaalinen, materialistinen"
mm
"mukaan, mukaa, mukainen, mukaisuus, mukana"
"muoti, muodikas"
"nainen, naispuolinen"
nilkka
ohut
"oma, omakohtainen, omata"
"osa, osa-alue, osanen, osin, osio, osittain"
paita
pikkutakki
pitkähihainen
"pitkä, pitkähkö, pitkänomainen, pitkulainen, pituinen, pituus"
päällysvaate
ripustaa
roiske
sade
"sisältää, sisältyä, sisältö"
"vaate, pukine, puku, vaatetus"
status
"syksy, syys, syys, syys, syksyinen"
sää
säätila
"tarjota, tarjoilla, tarjoilu, tarjolla, tarjonta"
tarpeellinen
"tarvita, tarve, tarveperäinen"
tasku
tavara
tilanne
topata
"turkki, turkis"
"tuuli, tuulinen, tuulla"
"tyylikäs, tyyli"
"ulkona, ulko, ulos"
"ulkovaate, ulkokenkä, ulkoasu"
uloin
untuva
kappale
vaatturi
"vaihdella, vaihdettava, vaihdos, vaihtaa"
vapaa
vastaan
"vesi, vetinen"
vetoketju
viima
"yhteiskunta, yhteiskunnallinen"
ylä
yläosa
"yläruumis, yläraaja, ylävartalo"
"vene, veneily"
"alue, alueellinen"
"askare, askar, askarrella, askartelu"
"paikka, paikkaa, paikka"
"auto, autoilla"
avain
betoni
"edellytys, edellyttää"
"elektroniikka, elektro, elektroninen"
"enemmän, enempi, enemmistö, enimmäkseen, eniten"
huone
huoneisto
"ikkuna, ikkunallinen"
joutua
juosta
jurtta
"kaupunki, city"
keittiö
"kerros, kerroksittainen, kerrostua"
kerrostalo
"kivi, kivinen"
"koostua, koostumus, koota"
"kuljettaa, kuljetella, kuljettaja, kuljetus"
"kylpyhuone, kylpy"
lattia
"luo, luona"
mitata
"mukava, mukavoittaa, mukavuus"
"mökki, mökkeillä"
naulakko
"neliö, nelikulmio, neliskanttinen, neliskulmainen"
"nukkua, nukkumaanmeno, nukutus"
"numero, numeerinen, numeroida"
omaisuus
omakotitalo
"omistus, omistaa, omistaja, omistajuus"
suhde
"opiskelija, opinto, opiskella, opiskelu"
osake
osoite
ovi
"pakollinen, pakottaa"
pelti
perhe
"puhua, puhelias, puhuja, puhutella, puhuttu, puhe"
pääty
"pää, pää, päähän, päästä, päästä"
"pääsy, päästää, päättyä, päätyä"
"rakennus, rakennelma, rakentaa, rakentaminen, rakentaa"
"rauha, rauhaisa, rauhallinen, rauhallisuus, rauhoittaa, rauhoittua"
rivi
rivitalo
seutu
"siivota, siivooja, siivous"
vessa
"sisään, sisä, sisäinen, sisällä, sisällään, sisälle, sisältä, sisässä, sisästä"
"lasku, laskuttaa"
"säilyttää, säilyä, säilyttäjä, säilytys"
"sänky, peti, vuode"
ilmiö
"tyyppi, tyyppinen"
talous
yhtiö
"televisio, telkkari, tv, tv"
tietokone
tiipii
tulla
"turvallinen, turva, turvallisuus, turvata"
"täynnä, täydentää, täysi"
"varten, varte"
"viettää, vietto, vietto, vietto"
"vuokrata, vuokra"
"yksi, one"
"ase, aseellinen, aseistaa, lyömäase"
asentaa
epä
eräänlainen
fiskars
"hakata, hakkaus, iskeä, isku"
"halkaista, haljeta, halkeilla, halkoa"
halko
"herra, herrasmies"
intiaani
jääkiekko
"kaataa, kaato, kaatua, kaataja"
kahva
"katkaista, katkaisu"
"katkoa, katko, katkos"
"kauhu, kauhea"
leffa
"keksintö, keksiä"
kiilautua
kirves
kirvesrinta
kärki
"käsi, käsivarsi"
"kätevä, kätevyys"
käyte
kääpiö
"lapsi, lapsuus"
"löytyä, löytää"
"metallinen, metalli"
metsuri
metsä
"moottori, moottori, moottoroida"
"saha, sahalaitainen, sahata, sahaus"
"muotoinen, muoto"
onnettomuus
paloitella
perustua
pilkkoa
"puu, puinen, puusto"
"valkoinen, valkaista, valkea, valko"
"varsi, varrellinen, varressa, varresta, vartinen"
"pääsääntöisesti, pääsääntö"
pölkky
raskas
"sauna, saunoa"
sormi
sormus
tahko
tamperelainen
tappara
tarkkuus
teloitus
"teroitus, teroittaa"
"teräs, teräksinen"
"terävä, terävä, terävyys"
"tietty, tietynlainen, tietyntyyppinen"
"työkalu, työväline"
"vaarallinen, vaara, vaarallisuus"
"vaatia, vaatimaton, vaatimus, vaativa"
"vanha, iäkäs, vanhahko"
viikinki
vipu
"väärä, vääränlainen"
"yhdistää, yhdetä, yhdistetty, yhdistyä, yhdistyminen"
"aasia, aasia"
aineenvaihdunta
alkoholi
"juoma, juominen, juoda, juotava, juotava"
"aurinko, aurinkoinen"
avokado
pasta
booli
c-vitamiinipitoinen
corona
drinkki
englanti
"kieli, kielellinen, kielinen"
etelä
"haava, haavoittaa, haavoittua, haavoittuva"
"halpa, halpuus"
"hapan, hapattaa, hapetin"
"hedelmä, hedelmäinen, hedelmäliha"
"hillo, hillottaa"
itämainen
jogurtti
kakku
kalifornia
kastike
"keltainen, kellertävä, kelta"
"vihreä, vihertävä, vihreys"
key
"kirpeys, kirpeä"
käydä
käynti
"limetti, lime"
"limsa, limonadi, limu"
lisuke
"makea, makeahko"
"mehukas, mehu"
mojito
"pallo, palloilu"
"pehmeä, pehmeähkö, pehmentää, pehmetä, pehmeys, pehmoinen"
pikkuveli
"pyöreä, pyöreähkö, pyöriä, pyöritellä, pyörittää, pyörö"
raikas
ruoanlaitto
saari
"sekoittaa, sekoite, sekoitus"
"sellaisenaan, sellainen, sellaisenaan, sellaista, sellaista, semmoinen"
"sitruuna, sitrus"
"sopia, sopia, sopimus"
"sukulainen, suku, sukulaisuus"
tequila
tuonti
"tuoreus, tuore"
"ulkomaa, ulkomaailma"
"sävyinen, sävy, sävyttyä"
happi
vety
"afrikka, afrikka, afrikkalainen"
"aiheuttaa, aiheuttaja, aiheutua"
"aine, aineellinen, aines, ainesosa"
aste
celsius
dipoli
di
oksidi
ehto
"elinehto, elintärkeä"
erikseen
"etu, etu, etuus"
hana
atomi
hiiri
huoneenlämpö
"höyry, höyryttää, höyrystyä"
ioni
jano
joki
juokseva
järvi
"jää, jäinen"
jäätyä
"kaasu, kaasumainen, kaasuuntua"
kaivo
"kalori, kalorinen"
keho
"kemiallinen, kemia, kemikaali"
kiinteä
kirkas
kiteytyä
kraana
laimentaa
laiva
litra
"liuotin, liueta"
kide
"luonnollinen, luonnonmukaisuus"
luonto
"luonnonvara, luonnonvarainen"
lämpötila
"läpinäkyvyys, läpinäkyvä"
"maa, maa-alue, maanosa, maapala"
maapallo
meri
molekyyli
"muuttua, muuttuja"
märkä
"n, n"
nolla
"oleellinen, olennainen"
pakkanen
perusta
"pestä, peseytyä, pesu"
prosentti
"puhdistaa, puhdas, puhdistaja, puhdistautua, puhdistus, puhtaus, putsata, putsaus"
pula
"valmistus, valmistaa, valmistaja, valmistautua, valmistella, valmistelu, valmistua"
"sammuttaa, sammua, sammuttaja"
"sota, sotatila, sotia, sotilaallinen, sotilaskäyttö"
suihku
"sulaa, sula, sulamispiste, sulattaa, sulatus, sulavuus"
"syntyä, synty"
taivas
"terveellisyys, terve, terveellinen, terveydentila, terveys"
"tulevaisuus, tuleva"
täytyä
"uida, uima, uimakyky, uiskennella, uittaa"
valtaosa
väliaine
"yhdiste, yhdistellä, yhdistelmä"
"ylläpitäjä, ylläpitää, ylläpito"
aatami
aggressiivinen
"aikaansaada, aikaansaannos, aikaansaava"
alhainen
"alla, alle, alle, alta"
"ala, ala"
avomies
"dominoida, dominantti"
ehtiä
"ennen, ennemmin, etukäteen"
"erota, ero, erottaa, erotella, erottua, erotus"
farkku
fyysinen
"henkilö, henkilöhahmo, ihminen"
herkkä
homo
humanoidi
"uros, koiras, urospuolinen"
"isä, isi"
jalkapallo
jeesus
"johtaja, johtajuus, johtava, johtoasema, johtohahmo"
"jälkeläinen, jälkikasvu"
jälkiliite
"kaikkivaltias, kaikkivoipa"
karismaattinen
"karvainen, karva, karvoitus"
"kestävä, kestää, kestävyys"
kohtu
komea
"korjaus, korjata"
kromosomi
"kumppani, puoliso, kumppanuus"
"kutsua, kutsu, kutsunta"
kuvaava
käytännöllinen
"lihaksikas, lihas"
"lisääntyä, lisääntymiskyky"
"lyhyt, lyhentyä, lyhentää"
"matala, madaltua, matala, matalahko"
möreä
"nähdä, näkö"
"oikeudenmukainen, oikeudenmukaisuus"
ote
otus
parrakas
parta
penis
perheenpää
yksikkö
perustaa
piirre
pippeli
poika
"poikkeava, poikkeama, poikkeuksellinen, poikkeus"
"puolustaja, puolustaa, puolustautua, puolustus"
pääte
raju
sapiens
"seksikäs, seksi, seksuaalinen, seksuaalisuus"
siitin
sovinisti
standardi
"malli, malli, mallinen"
"jatkaa, jatke, jatko, jatkua, jatkumo, jatkuva, jatkuvasti"
tarpeeksi
telaketju
feminismi
testosteroni
pitoisuus
tienata
"toimeentulo, toimeentuleva"
tossu
tukka
tunteellinen
"tuottaa, tuottaja"
"tyypillinen, tyypillisesti"
"täysikasvuinen, täyspäiväinen"
"uhka, uhata, uhkaava, uhkailu, uhkakuva, uhkaus"
uhri
valta
asema
"vastakohta, vastakkain, vastakkainen"
"veli, bro, veljes"
versio
"viiksi, viiksekäs"
"viisas, nero, viisastaa, viisastua, viisaus"
y
yläpuoli
"yritys, yrittää, firma"
"ääni, ääninen"
aa-kerho
algebra
"ali, ali"
"armeija, intti, asevelvollisuus, asepalvelus, merivoima, puolustusvoimat"
assosioida
"auttaa, auttaja, auttavainen, avittaa, avulias, avustaa, avustaja"
"hahmottaa, hahmotella, hahmotus"
"hauska, hauskanpito, hauskuus, hauskuuttaa, hassu, hilpeä, hupi, huvi"
"helppo, helpottaa, helpotus, helppo, helppous"
henki
"hierarkia, hierarkinen"
homogeeninen
joukko
"inspiraatio, inspiroida"
intressi
"jaksollinen, jakso, jaksollisuus"
"hahmo, hahmo"
jolla
joukkue
"järjestelmä, järjestellä, järjestelmällinen, järjestelmällisyys, järjestys"
"jäsen, jäsenyys"
vaihe
"keskenään, keskinäinen"
kivääri
"kokoontua, kokous, kokoustaa"
"koulu, koululainen, koulunkäynti, koulutyö"
kriteeri
kymmenen
"tulos, tuloshakuisuus"
"luoda, luomistyö, luomus"
"luokittelu, luokitella, luokitus"
"läpi, läpäistä"
"matematiikka, matemaattinen, matikka"
missio
"määritellä, määre, määritelmä, määrittää, määrittely, määrittely, määrittyä, määritys"
objekti
olio
paine
peruskäsite
porukka
projekti
"puolesta, puolesta"
"pyrkiä, pyrkiä, pyrkimys"
päämäärä
rooli
"ryhmitellä, ryhmä, ryhmittää, rykelmä"
"keskustelu, keskustella"
saattaa
"saavuttaa, saavuttavuus, saavutus"
sarake
"sääntö, sääntö, säännöstellä"
"taktinen, taktikointi"
"tavata, kohdata"
"tehokas, teho, tehokkuus, tehostaa, tehoste, tehota"
tiimi
"toiminta, toiminnallinen"
"tuntea, tuntemus, tunnustella, tuntuma, tuntu, tuntua, tuntuinen"
"tuottava, tuottavuus, tuotto, tuottoisa"
"tyhmyys, tyhmä"
voimistaa
vuoksi
"vuorovaikutus, vuorovaikuttaa"
yhdistys
yhteenkuuluvuus
yhteinen
"yhteistyö, yhteispeli"
yhteisvastuu
"yhteys, yhteydenpito"
arbuusi
eksoottinen
jälkiruoka
"päivä, päivisin, päivittäin, päivittäinen, jokapäiväinen"
"kuoria, kuori"
"kuuma, kuumentaa, kuumeta, kuumuus"
"tuote, tuotos"
meloni
mieto
"ominainen, ominaislaatu"
ovaali
"pelkästään, pelkkä"
"raidallinen, raidakas, raidoittaa, raita"
ruusu
salaatti
seassa
"siemenellinen, siemen, siemenkota"
"sisäosa, sisäpuoli, sisätila"
"tahrata, tahra, tahria, tahriintua"
täyttää
ulkoa
"ulkomuoto, ulkonäkö"
valtava
"veistellä, veistää, veistely"
vesimeloni
viina
"kasvi, kasvikunta, kasvillisuus, kasvis"
välipala
"alku, alkaa, aloitus, aloittaa"
bering
bospori
"erikokoinen, erikorkuinen, eripituinen, erimuotoinen, erisuuruinen"
geologinen
gibraltar
salmi
"heikko, heikkous"
helsinki
hevonen
hieno
"itä, itäinen, itämaat"
"raja, rajallinen, rajata, mainostaa, mainos, sotavanki"
kala
"kalastaa, kalastaja, kalastus"
kannas
"kapea, kapeus"
kari
kariutua
karjala
kattegat
"kaunis, kauneus, kaunistaa, kaunistautua, nätti"
kirjain
väylä
laatokka
lahti
"liikenne, liikennöidä"
lossi
"lukea, luettava, lukeminen, lukija, lukutaito"
luovuttaa
kaistale
"maantieteellinen, maantiede, maantieto"
makkara
navigoida
pato
pepperoni
pitäjä
"pizza, pitsa"
pullo
kaula
"purjehtia, purje, purjehdus, purjehtija"
rannikko
termi
salami
satama
siivu
"sijaita, sijainti, sijoitella"
silta
"kohta, kohta, kohtaan"
"strateginen, strategia"
suolainen
"suomalainen, suomalaisuus, suomi, suomi"
ulottua
reitti
vexi
viisi
yleiskieli
ahdas
"alas, alaspäin, alempi, alhaalta, alhaalla, alin"
ambulanssi
elitisti
"erämaa, erä, erätaito"
"etsiä, etsiytyä, etsintä"
harvinainen
helikopteri
"huomata, huomioida, huomioonottaa"
hyrrä
hytti
"kadota, kadoksissa, kadottaa, kateissa"
kaksimielinen
ketterä
kiito
rata
kohtalainen
koppi
"kovaa, kova, kovasti, kovin, kovuus"
"kulkuneuvo, kulkuväline, ajoneuvo, kulkuneuvo, liikenneväline"
"kyyditä, kyyti"
laskeutua
"hyppy, hyppiä"
varjo
"lentää, lentäjä, lentävä, lento, lennättää"
kenttä
"lentokone, lennokki"
liike
"liikkua, liikkuva, liikkuvuus, liikkuja"
mediheli
näyttävä
"pelastus, pelastaa"
operaatio
viranomainen
pilotti
poiketa
"poltto, polttaa, polttava"
poro
lauma
potkuri
propelli
"pystyä, magneettikenttä, magneetti, magneettinen"
roottori
"soikio, soikea"
"sotilas, sotilas, soturi"
"suora, suora, suoraan, suoruus"
surista
"ylös, ylöspäin"
"symmetrinen, symmetria, symmetrisyys"
kaltainen
kaveta
karkea
"kuvailla, kuvastaa, kuvata, kuvaus"
"lajike, laji, lajisto"
"leveä, levetä, leveys"
matta
nahkea
omena
pilaantua
"puoli, puoli, puolisko"
pussi
päärynä
roikkua
"ruma, rumuus"
"ruskea, rusehtava, ruskeahko, ruskehtava"
siideri
"sininen, sinertää, sinertävä"
home
sokeri
"ylhäältä, ylhäällä"
"aiemmin, aiempi"
"aisti, aistia, aistimus, aistin"
aleksis
"sointu, sointua"
eino
elias
erikielinen
"esittää, esittäjä"
essee
"esteettinen, esteettisyys, estetiikka"
haiku
"historia, historiallinen"
"humoristinen, huumori"
ilman
"jono, jonottaa"
"kalevala, kale"
kauno
"keskiaika, keskiaikainen"
kielikuva
"kirja, kirjallinen, kirjallisuus"
"kirjoitelma, kirjoitus"
kirjoittaa
korkeakulttuuri
kosiskella
"käsitellä, käsittelijä, käsittely"
lahja
"laulaa, laulaja, laulu"
lause
lausua
leino
lukio
lyyrisyys
lönnroth
"merkitys, merkityksellinen, tarkoittaa, tarkoitus"
mielleyhtymä
moderni
"monitulkintaisuus, monitulkintainen"
"musiikki, musiikillinen, musikaalisuus, musisoida, musisointi"
"mystiikka, mystinen, mystisyys"
"nykyään, nyky, nykyaika, nykyaikainen, nykyhetki, nykyinen, nykyisyys, nykymaailma, nykypäivä"
"oivaltaa, oivallus"
ominaisuus
"perinne, perinteikäs, perinteinen"
pätkä
laatikko
"riimittää, riimi, riimittely, rimmata, rimmata"
"runoilija, runo, runous"
mainen
"leikki, leikitellä, leikki, leikkiä, leikkikalu, lelu, leikkisä, leikkisyys"
"sommitelma, somistaa"
"symbolisuus, symbolisoida, symboloida"
syvällinen
"säe, säkeistö"
"taide, taiteellinen, taiteilija"
tarina
"kerronta, kerrottava, kertoa, kertoja, kertoma, kertomus"
tavu
tekele
teksti
"tunne, tunto"
vaikeaselkoinen
vedota
äidinkieli
"aalto, aaltoilla, aallokko"
aallonmurtaja
maljakko
yliopisto
alvar
amplitudi
"byrokratia, byrokraattinen"
"edellä, edeltää, edelleen, edellinen, edempi, edessä, edestä"
energia
epäonnistua
eroosio
espoo
eteen
eteenpäin
"fysiikka, fysikaalinen"
haitata
"harja, harjas, harjata"
hiukkanen
"huippu, huipentuma"
hyöky
"informaatio, informatiivinen, informoida"
innovatiivinen
innovatiivisuus
kiva
kohouma
kosini
kävijä
laine
"virta, virrata, virtaavuus, virtaus"
"muodokkuus, muodokas"
"nopeus, nopea, nopeuttaa"
ongelma
periodi
peräkkäin
"pitkin, pitkin"
"pitkittäin, pitkittäinen"
"poikittainen, poikittain"
radio
"ranta, rantautua"
"sanoa, sanella"
schrödinger
"siirtää, siirrellä, siirtäjä, siirto, siirtyä, siirtymä"
sini
sukunimi
"surffaus, surffailla, surffailu, surffata"
syklinen
"säteily, säteillä"
taajuus
taittua
"tihentymä, tiheä, tiheys"
"tutkia, tutkija, tutkimus, tutkiskella, tutkinta"
tyhjiö
tärähdys
ulkoinen
vahinko
"vaikutus, vaikuttavuus, vaikuttaa, vaikuttaja, vaikuttaminen, vaikuttaminen, vaikuttava"
veivi
massa
pisara
"välittyä, välittää, välittäjä, välitys"
värähtely
yhtälö
finnair
häkkyrä
hävittäjä
"idea, mieleenjohtuma, mielijohde"
"väline, väline"
"julkinen, julki, julkistaa, julkisuus, julkkis"
kanaria
kapteeni
"kauas, kauemmas, kauempi, kauimmainen"
kerosiini
"kerta, kerralla"
kiitorata
"kuolema, kuolettava, kuolinilmoitus, kuolla, kuollut"
laskuvarjo
lentoemäntä
lentokapteeni
lentoyhtiö
"liitää, liidellä"
lintu
maasto
itu
kuvio
"mahdollistaa, mahdollinen, mahdollistua, mahdollisuus"
matkustamo
"putkilo, putki, putkimainen"
miten
"nousu, nousta"
"ohjaamo, ohjaaja, ohjailla, ohjata, ohjattava, ohjain, ohjautua, ohjaus"
"palvella, palvelija, palvelu, palvelus"
"paperinen, paperi"
polttoaine
pommi
"pudottaa, pudota"
"puikula, puikula"
runko
"sata, sata"
"siipi, siiveke, siivellinen"
siviili
sodankäynti
sojottaa
stuertti
syöksyä
laite
todella
"toisinaan, toistaiseksi"
turbiini
turbulenssi
turisti
tutka
"tästä, tässä"
vauhti
vesitaso
"viedä, viejä"
wright
äänekäs
"ainoa, ainut, ainutkertainen, ainutlaatuinen"
allekirjoittanut
"avioliitto, avio, avioitua, aviomies, aviopari"
lupaus
"ennalta, ennallaan"
esiliina
hame
hengetär
häät
jäkättää
kaulin
"kautta, kautta, kautta"
keski-ikä
kärsivällinen
"laki, laillinen, lainalaisuus, lainoppinut, lainsäädäntö, lakimies, lakisääteinen"
mekko
"mielipide, näkemys, näkökanta, näkökulma, mieltää"
moniavioinen
murre
naida
nimetön
nimike
"odottaa, odotella, odottamaton, odotus"
osapuoli
"parisuhde, pariskunta, pariutua"
"perijä, periä, perillinen"
piristää
"pukeutua, pukea, pukeutuminen, pukeutuminen, pukeutumistyyli, puvustus"
"rakastaa, rakas, rakastaja, rakastavainen, rakastettava, rakastettu, rakastua, rakkaus"
"riippua, riippuvainen, riippuvuus"
sitoa
"sitoutua, sitoumus"
sääty
"solmia, solmu"
"säätää, säätely"
taloudellinen
tuki
tuomari
uskollinen
vaimo
valittaa
"vastine, vastin"
vihkisormus
virallinen
vispilä
yhdenvertainen
"äiti, äitiys"
äpärä
baabel
bongata
disney
elämys
"harmaa, harmahtava, harmaantua"
"hotelli, hostelli"
"hyökkäys, hyökätä"
kavuta
kello
porras
"kohota, kohottaa, kohotus"
"korkea, korkea, korkeus, korkuinen"
lainkaan
lego
johto
"torni, torni"
letku
"linna, linnake, linnoittaa, linnoitus"
lähinnä
maisema
nappula
nuoli
"nähtävyys, nähtävä"
näkymä
näköala
pisa
prinsessa
raamattu
ravintola
ritari
ruusunen
shakki
"sieltä, siellä, siihen, sinne"
"tarkkailu, tarkistaa, tarkka, tarkkailla"
tarot
kortti
taso
tiili
tyrmä
tähkäpää
"tähystys, tähystää"
"valtakunta, valtakunnallinen"
"valvonta, valvoa, valvoja, valvomo"
"vanhanaikainen, vanhoillinen, vanhahtavasti"
vartio
"kuva, kuvaaja, kuvallinen"
vihollinen
ympäristö
"abstrakti, abstraktinen, abstraktio"
"ajatella, ajattelija, ajattelu, ajatus, miete, mietiskely, mietteliäs, miettiä, mietiskellä"
"akateeminen, akateemikko"
"arvo, arvoinen, arvoinen, arvokas, arvokkuus, arvolatautunut"
arvostaa
diffuusi
haltija
hehkuttaa
"hengähdys, hengähtää"
tauko
"hetki, hetkellinen, hetkinen"
idealistinen
ihmisoikeus
ihmisyys
"ilo, iloinen, iloisuus, iloita"
itsemääräämisoikeus
"itsenäisyys, itsenäinen"
itsestäänselvyys
"kahle, kahlehtia, kahlita"
kiireettömyys
"kokemus, kokenut"
"kontrolli, kontrolloida, kontrollointi"
lupa
"menettää, menetys"
"mistään, mistä"
näennäinen
"oikeus, oikeudenkäynti, oikeusistuin, oikeusjuttu, oikeussali"
"oletus, olettaa"
orjuus
periaate
"perustelu, peruste, perusteella, perusteellinen, perustella"
"poliittinen, poliitikko, politiikka, politikointi"
pomo
puute
"päättää, päättäjä, päättävä"
päätös
"rangaistus, rangaista"
"rentouttaa, rento, rentoutua, rentoutus"
sitoutumattomuus
"tahtoa, tahto"
"taata, takuu"
teko
totella
tuoda
"vaikeus, vaikea, vaikeuttaa, vaikeutua"
vallankumous
vangita
"vankila, vankeus, vanki"
"velvoite, velvollinen, velvollinen, velvollisuus"
yhdysvallat
aamupäivä
"raha, rahaa, rahallinen, rahamäärä, rahoittaa, rahoitus"
boheemi
coelho
douglas
elanto
elättää
fakta
fiktiivinen
fiktio
halme
tapaus
"istua, istuin, istumapaikka"
istumatyö
itsekuri
itse
jakaja
"julkaista, julkaisija, julkaisu"
kielioppi
"kirjailija, kirjoittaja"
kutsumus
"kykenevä, kyetä, kyky, kykyisyys"
kynä
michael
"mielikuvituksellinen, mielikuva, mielikuvitus"
nojatuoli
novelli
"omalaatuinen, omanlainen, omaperäinen, omintakeinen, omituinen"
"palkinto, palkita, palkkio"
läjä
paul
proosa
taidella
tausta
"tieto, tietous"
tie
tony
"tupakoida, tupakka"
veikko
viini
visionäärinen
artisti
bändi
"huuto, huutaa"
"ilmainen, maksuton"
"improvisoida, improvisaatio"
"instrumentti, instrumentaalinen"
"kaava, kaavamainen, kaavio"
"kirkko, kirkollinen"
kokoelma
sidonnainen
kuoro
"kuunnella, kuuntelija, kuuntelu"
"melodinen, melodia"
noudattaa
nuotti
ooppera
osuus
rituaali
"rytminen, rytmi, rytmittää"
"sanoitus, sanoittaja, sanoittaa, sanonta"
"suu, puhe-elin, suuaukko"
"säestys, säestää"
tahti
teema
"tulkitsija, tulkinta, tulkintaisuus, tulkita, tulkitseminen"
valas
yleisö
huuli
ääntö
aineeton
"avaruus, avaruudellinen"
esine
funktio
gramma
gravitaatio
henkilökohtainen
"huoli, huolestua"
aihe
johtua
kehonrakennus
kuntosali
kuu
"kytkeytyä, kytkeä, kytkin, kytkös"
lehti
"lihavuus, lihava, lihoa"
veto
"myötä, myötäsyntyinen"
newton
olento
"olosuhde, olosuhteet"
pauna
perustavanlaatuinen
"punnus, punnita, puntari"
"putoaminen, putoilla"
päänvaiva
referenssi
sali
sopiva
suure
"tasapainottaa, tasapaino, tasapainoilu, tasapainoinen, tasapainotella"
tekopaikka
tähtäys
vaaka
vakaa
vakio
vektori
vetovoima
"vähentää, vähentyä, vähetä"
"ylipainoinen, ylipaino"
alppi
elementti
eväs
"hajottaa, hajota, hajottaja"
"ikuinen, ikuistaa, ikuisuus"
ikään
"joustaa, joustava"
jyrkkä
"jämerä, jämäkkä, järeä"
"kallio, kallioperä"
"alusta, alusta"
"kiipeillä, kiipeilijä, kiipeily, kiivetä"
"kulua, kuluttaa, kuluttaja, kulutus"
laakea
loiva
"louhinta, louhia"
luja
x
"läheisyys, läheinen, lähekkäinen, lähentyä"
"maalata, maalari, maalaus, maali, maalailla"
järistys
maaperä
laatta
mineraali
"muodostelma, muodostaa, muodostua, muodostuma, muodostus"
"näkyä, näkyä, näkyä"
"paljastaa, paljas, paljastin"
peruskallio
presidentti
saaristo
"sammaloitua, sammal"
sileä
tukeva
"vankka, vanttera, vankkarakenteinen"
varrella
yhteentörmäys
"bakteeri, pöpö"
ensiapu
epävarmuus
"erillinen, erillään, erilleen, erillisyys"
"hoitaja, hoitaa, hoitaminen, hoito, hoivata"
"hätä, hätääntyä, hätäinen, hätiköidä"
instituutio
jonne
kerääntyä
kliininen
kolkko
käytävä
laitos
leikkaus
loukkaantua
"luottaa, luottamus"
"lääketiede, lääketieteellinen, lääkintä"
"lääke, lääkitä, lääkitys"
lääkäri
niukka
osasto
potilas
risti
sairaala
sairaanhoitaja
sairastua
steriili
"surullinen, suru"
säädellä
terveydenhoitaja
"terveydenhuolto, terveydenhoito"
"tukea, tukeutua"
univormu
valmius
"vara, varalle, varalta, varassa"
vuodeosasto
diesel
menosuunta
"etuosa, etupuoli"
hevosvoima
hiili
veturi
jaksaa
juna
raide
vaunu
kanta-asiakas
keula
kisko
"klassinen, klassikko"
konduktööri
"lasti, lastata"
meno
penkki
perä
peräänantamattomuus
puuskutus
rautatie
rengas
tsug
"työntäjä, työntää, työntö, työntyä"
vr
vuosi
"ajankohtainen, ajankohtaisuus"
anomaalinen
asiayhteys
ennennäkemätön
evoluutio
halo
"harmi, harmittaa"
"havainnoida, havainnointi, havainnollistaa, havainto, havaita"
henkeäsalpaava
huomionarvoinen
huomio
"hämmästyä, hämmästyttää, hämmennys"
"ihmeellinen, ihme"
ilmiömäinen
"innostua, innokas, innostus, into"
"internet, netti"
"kansakunta, kansa, kansallinen, väestö"
kasvihuone
"kehuskella, kehua"
ketju
"kiinnostava, kiinnostaa, kiinnostua, kiinnostus"
kohahduttaa
"kuuluisuus, kuuluisa"
"kännykkä, matkapuhelin"
laaja-alainen
legenda
lähestymistapa
media
mentaalinen
"merkittävä, merkitsevä, merkillepantava"
mieleenpainuva
"mielenkiintoinen, kiehtova, mielenkiinto"
monimutkainen
"muuttaa, muutos, muuttuvainen"
"salama, salamoida"
"selittää, selitys"
sensaatio
sykähdyttää
"tapahtuma, tapahtua"
tuma
"tiede, tieteellinen, tieteis"
"tietoisuus, tietoinen"
uskomaton
väliaikainen
asteikko
yleisyys
"yllättävä, yllättää, yllätys"
"äkillinen, äkkiä, äkkinäinen"
"allergia, allergeeni, allerginen, allergisoida"
elegantti
huonekalu
jahdata
"kalju, kaljuuntua"
"karhea, karheus"
"peite, peitossa, peittää, peitto, peittyä"
katkarapu
kauan
"kehrätä, kehrääjä, kehruu"
kynsi
käpälä
"lainsuojaton, lainvastainen, laiton"
leijona
lemmikki
maito
maukua
miau
mukavuudenhaluinen
naukua
notkea
"liikkeinen, liikkumismuoto"
pentu
"peto, petollinen"
"aivo, aivot"
piki
jyrsijä
pörröinen
raapia
rotu
"saalistus, saalis, saalistaa, saalistaja"
vietti
seuralainen
sielu
syli
"sähköinen, sähkö, sähköistää, sähköistyä"
tassu
tiikeri
tonnikala
"tyytyväinen, tyytyväisyys"
vaistonvarainen
valpas
vikkelä
yhdeksän
yö
"aktiivinen, aktivaatio, aktiviteetti, aktivoida, aktivoitua"
"äännellä, ääntelehtiä, ääntely, äänehtiä"
asento
"hiertää, hiertymä"
"juhla, juhlallinen, juhlava, juhlia, juhlistaa"
"kenkä, jalkine"
juoksu
"keino, keino"
nauha
kopina
korko
"kävellä, kävely, jaloitella"
"siru, sirpale"
lenkkari
mennessä
mono
pohjallinen
naru
sisäkenkä
spittari
stifla
suutari
tarra
tarvike
tekstiili
vuodenaika
"yleinen, yleinen"
biokemiallinen
eetteri
hampurilainen
impulssi
jäädä
kurssi
"kuulla, kuulija, kuulo, kuuloinen, kuulua, kuulostaa, kuuluva, kuuluvuus"
laasti
"leijua, leijailla"
liikunta
"limainen, lima, limaisuus"
lopullinen
"luonnontiede, luonnontieteellinen"
"mukautuva, mukautua"
mönjä
parametri
proteiini
signaali
"soveltaa, sovellus, soveltua, soveltuvuus"
turhauttaa
tyvi
kalvo
"vastustus, vastus, vastustaa, vastustaja"
adverb
"asettaa, asetella, asetelma, asettelu, asettua"
design
ergonominen
"hius, hiuksinen"
jolloin
kaksiosainen
kartonki
kiekura
klipsua
"käsityö, käsityöläinen"
"leikkaaja, leikata, leikkauttaa, leikkuu"
jälki
linja
monikäyttöinen
"muotoilla, muotoilija, muotoilu, muotoutua"
"oksa, oksisto"
parillinen
pensas
"puutarha, puutarhuri"
"pysyvä, pysyä, pysytellä"
six-sax
"varoa, varoittaa, varoitus"
"vasen, vasen"
halloween
"koriste, koristaa, koristeellinen, koristella, koristelu"
jätti
kasvimaa
kekri
kurpitsa
"kovertaa, kovera"
kynttilä
köynnös
lyhty
maatalous
muovata
naama
naamari
ontto
paahtaa
pata
piirakka
pikkelssi
"pullistua, pullea"
puuro
raaka
sato
korjuu
kausi
"satu, sadunomainen"
sesonki
silmä
"suippo, suipeta"
typpi
tärkkelys
vihannes
arka
haitallinen
haitta
kolo
loukku
jerry
jyrsiä
jyvä
"jättää, jätös, jättäytyä"
keksi
kellari
kipittää
kursori
kämmen
"levittää, levittyä, levitä"
mikki
"nakertaa, nakerrus"
"pala, palanen"
papana
"piipitys, piipittää"
"rapistella, rapista"
rotta
sarjakuva
siima
"syöjä, syödä, syöjä, syöminen, syönti, syötävä, syöttää"
"säikky, säikäyttää"
tauti
tom
"tuho, tuhoisa, tuhota, tuhoutua"
tuholainen
ulostaa
"varovainen, varovaisesti, varovaisuus"
vikistä
vinkua
vintti
"ällöttää, ällöttävä"
"ärsyttää, ärsyttävä"
"keräily, keräillä, kerätä, keruu"
"retki, retkeily"
kalu
itsepuolustus
junkkari
juttu
keppi
kädensija
tikku
"muovinen, muovi"
otin
perisuomalainen
perkaus
pidike
pohjanmaa
työmaa
tappelu
tuppi
"vahingoittaa, vahingoittua, vahingollinen"
veitsi
viidakko
vuolla
yksiteräinen
assosiatiivinen
emergenssi
harhailla
"hermosto, hermo"
"häiritä, häiriö"
johonkin
"jostakin, jostain"
"kiistellä, kiista, kiistely"
"kognitio, kognitiivinen"
"koko, koko, koko, koostaa"
"kätkeä, kätkeytyä"
"mieli, mieli"
kuvitus
mielle
kiitää
olemus
perusyksikkö
"prosessointi, prosessoida"
pärjätä
"representaatio, representoida"
"samanlainen, samankaltainen"
sisäistää
tahaton
tahdonalainen
tiedostaa
"unelmoida, unelma, unelmointi"
"uni, uneksia, uninen"
vajavainen
vilistä
välitön
determinismi
ennaltaehkäistä
humpuuki
hylätä
hölynpöly
ivallinen
"julma, julmuus"
"jälkeen, jälkeen, jälkeenpäin, jälkeinen, jälkikäteen"
karma
kliseinen
"kohtalo, destiny"
kolari
konstruktio
"kyseenalaistaa, kyseenalainen"
"lohduttaa, lohtu"
lotto
"voitto, voittaa, voittaja, voittamaton"
moniselitteinen
"onni, onnenpotku"
"passivoida, passiivinen"
puutua
piste
"romantikko, romantiikka, romantisoida, romanttinen"
sekaannus
"seuraamus, seuraus"
summa
"tuomio, tuomita"
uhmata
"uskoa, usko, uskomus, uskonnollinen, uskonnollisuus, uskonto, uskontokunta, uskova, uskova, uskovainen"
vääjäämätön
ydintieto
"yliluonnollinen, ylimaallinen"
"estää, este, este, estyä"
"heittää, heitellä, heittäytyä"
ilmasto
itsestään
"kehittyä, kehittää, kehittyminen, kehittyneisyys, kehittynyt, kehitys"
"kokeilla, kokea, kokeilu"
kriisi
"lisätä, lisä, lisäys"
maailmankuva
murros
muutto
"normi, normaali"
palata
"parannus, paraneminen, parantaa, parantaja, parantua"
"pelätä, pelätin, pelko, pelko"
pokemon
prosessi
psyykkinen
ruokavalio
syntymä
taantua
todellisuus
toisenlainen
toisin
transformaatio
tutustua
uudenlainen
"uudistaja, uudistaa, uudistus"
"uusia, uusi, uusiutua, uutuus"
vastarinta
verran
verrata
ärsyke
aikakausi
"armo, armahtaa"
"arvaamattomuus, arvaamaton"
ekosysteemi
"elin, elimistö"
eloton
fauna
floora
hävitä
karu
katsoja
"käsittää, käsite, käsitys, käsitteellinen"
käärme
"lenkkeily, lenkittää, lenkki"
rajanveto
"ruoho, ruohikko, ruohoinen"
susi
"teknologia, tekniikka, tekninen"
"teollisuus, teollinen, teollistua, tehdas"
tukari
tyyssija
vieraantua
"fiksu, fiksuus"
"hengailu, hengaus"
ilahduttaa
kamu
kanssa
"kaveruus, kaveri, frendi"
"kilpailla, kilpailija, kilpailu, kilpaurheilu, kisata"
"kiusata, kiusallinen"
lojaali
luottamuksellinen
luotto
"murhe, murehtia, murheellinen"
poikaystävä
"puukottaa, puukko, puukotus"
pyyteetön
"salaisuus, salaperäinen, salassa, salata"
seura
t
takaisin
tyttöystävä
"urheilla, urheilija, urheilu, urheilullinen"
ansa
antiikki
"buddhalaisuus, buddha"
"harras, hartaus"
hauras
"hindulaisuus, hindu"
"jumala, jumalallinen, jumaluus, jumalatar"
kaukomaa
keisari
"kiinalainen, kiina"
kokoontumispaikka
kulta
"kuningas, kingi, kuningatar, kuningaskunta, kuninkaallinen"
lautapeli
"mahduttaa, mahtua"
meditoida
moniulotteinen
munkki
ninja
palatsi
"palvonta, palvoa"
"pappi, papisto, papitar"
pyhättö
pylväs
rooma
"rukoilu, rukoilla, rukous"
samurai
seppel
seremonia
"symboliikka, symboli, symbolinen"
temppeli
yhteen
"avara, avartaa"
avoin
chillailla
"hiekka, hiekkainen"
"huoltaa, huoltamo, huolto"
huvipuisto
"istuttaa, istutus"
keidas
"keskellä, keskeinen, keskeltä"
"keuhko, keuhkoputki"
teline
puisto
"kukka, kukinto, kukkanen, kukkia, kukoistaa"
lampi
mäki
maaseutu
mesta
"nurmikko, nurmi"
orava
piknik
"roskis, roska"
spurgu
tapaaminen
"tunnelmallinen, tunnelma"
"ulkoilutus, ulkoilla, ulkoilu, ulkoiluttaa"
vehreä
viher
"virkistys, virkistää, virkistäytyä"
a
b
coca
cola
epätasapaino
hillitä
"itku, itkeä, itkettää, itkuisuus"
kohtaus
jonnekin
jännite
karata
kiivas
laava
lanka
kerä
lega
"negatiivisuus, negatiivinen"
piikkaus
pirskahdella
"purkaus, purkaa, purkautua, purku"
raivata
"raivota, raivo"
rähähdys
"räjähdys, räjähde, räjähtää, räjäyttää"
saneeraus
tasoittaa
tulivuori
tulvia
"tyhjentää, tyhjä, tyhjentyä, tyhjyys"
päästö
vesivahinko
"voimallinen, voima, voima, voimakas, voimakkuus, voima[pos=noun]"
"yhtäkkinen, yhtäkkiä"
"ylitse, ylitse"
"vuotaa, vuoto"
business
"hankkia, hankinta, hankkija"
"harkitseva, harkinta, harkittu"
heti
investointi
"kannattaa, kannatus, kannattaja, kannattava, kannustaa, kannustin, kannustus"
"keskittyä, keskittymiskyky"
kilpikonna
"sija, sijoittua"
"laina, lainata, lainaus"
"myynti, myydä, myyty"
likoon
missi
pankki
pääoma
pörssi
rahasto
resurssi
riski
altis
"otto, ottaa"
riskitön
"sijoittaa, sijoitus"
"suuntautua, suuntaus"
"säästö, säästää, säästeliäs"
"taidollinen, taidokas"
tappio
tuplaus
tämänhetkinen
"voimavarat, voimavara"
ylimääräinen
"arkkitehtuuri, arkkitehti, arkkitehtoninen"
aukko
sukkula
dimensio
fraktaali
galaksi
kanto
"koordinaatisto, koordinaatti"
kori
kuinka
lentopallo
linnunrata
loputon
kaikkeus
marssilainen
metafora
"sairas, sairas, sairastaa, sairaus"
planeetta
raaja
scifi
spatiaalinen
"tilavuus, tilava"
turtles
tuttu
ulkoilma
"yltää, yltä"
"ääri, ääri"
"ahneus, ahnas"
ankka
digitaalinen
"haave, haaveilija, haaveilla, haaveilu"
hyvinvointi
"kaupankäynti, kaupallinen, kaupanteko"
kolikko
kupari
käteinen
lompakko
länsi
markkina
menetelmä
ostovoima
lappu
"vaihto, vaihtelu, vaihtua"
rappioitua
"rikas, rikastua, rikastaa, rikkaus"
roope
"saatavilla, saatava"
seteli
"sovinto, sovittaja"
tuhlata
"usea, usea, useasti, useimmiten, usein"
"uskottavuus, uskottava"
"vaihdanta, vaihdannainen"
valuutta
vastike
virtuaalinen
"akustiikka, akustinen"
"ammatti, ammatillinen, ammatti, ammattilainen, ammattimainen"
ateljee
demo
"erikoistua, erikoistuminen"
juontaja
kuuloke
"levyttää, levy"
"live, live"
"luova, luova, luovuus"
"mekaniikka, mekaaninen, mekanismi"
mikrofoni
muusikko
"nauhoitus, nauhoittaa"
pop
studio
"tanssija, tanssi, tanssia, tanssiainen"
"valaistus, valaista"
"valokuvaus, valokuva"
"video, video"
yksiö
äänentoisto
äänieristää
"äänittää, äänittäjä, äänitys, äänite"
"arvio, arvioida, arvioija, arviointi"
"feminiininen, feminiini, feminiinisyys"
gynekologi
"haistaa, haista, haistella, haju, hajuinen, hajustaa, hajuste"
"ihailtava, ihailla, ihailu, ihana, ihannoida, ihastua, ihastuttaa"
itseisarvo
kaaos
kadehtia
"katoavainen, kato"
mieltymys
luonne
"meikki, meikata"
mielihyvä
"miellyttää, mielistely, miellyttävä, mielyttävä"
mustasukkaisuus
"objektiivinen, objektiivisuus"
parturi
pinnallinen
räiskyvä
"subjektiivisuus, subjektiivinen"
"tumma, tummua"
"täydellisyys, täydellinen"
"uhrautuva, uhrata, uhrautua"
ulkoistaa
upea
"veistos, veisto"
"viehättävyys, viehättävä"
virheettömyys
"alapuoli, alaosa"
hammas
"hengittää, hengitys"
"hygienia, hygieeninen"
ien
"ilme, ilmehtiä, ilmeikäs, ilmeillä, ilmeily"
intiimi
kasvo
"kiintymys, kiintyä"
limakalvo
luola
"maistaa, maiskauttaa, maistella, maistua"
"nautinto, nautinnollinen, nautittava, nauttia"
purra
"pussata, pussailla, pussailu, pusu, suudella, suudelma, suukko, suutelu"
ruoansulatus
"sisäänmeno, sisäänkäynti, sisäänpääsy"
"sylki, sylkeä"
tunneli
äänne
"aikainen, aikaisemmin"
"ystävällinen, ystävä, ystävällisyys, siinä"
halventaa
jouhi
jäykkä
kalkki
kannatella
"karkki, karamelli, namu"
"kasa, kasaantua, kasata, kasautua"
katu
kuisti
"kunto, kunnossa, kuntoilu, kuntoutua"
lakaisin
"lakaisu, lakaista"
"lika, liata, likainen, likaisuus"
"liikutella, liikuteltavuus, liikuttaa"
"luu, luinen"
luuta
luuranko
metri
"mummo, mummi, mummola"
"nivel, niveltää"
akka
"noituus, noita, velho"
painovoima
pääsiäinen
rekvisiitta
risu
rätti
varpu
excalibur
gladiaattori
haarniska
halkaisija
huotra
"kamppailu, kamppailla"
suojain
katana
"taistelu, taistelija, taistella"
rosvo
"miekkailla, miekka, miekkailu"
promovoida
"rautainen, rauta"
sapeli
seppä
sirkus
surmata
"taitava, taitaa, taito, taitoinen, taituri"
"takoa, taonta"
tohtori
haudata
"hauta, hautajainen, hautaus, hautausmaa"
"urakoitsija, urakka"
"kaivaa, kaivaus, kaivella, kaivuri, kaivuu"
"kulmikas, kulma, kulmio"
kuoppa
kuopata
lapa
"lapioida, lapio"
"litteä, littana, lituskainen"
luonti
"manuaalinen, manuaali"
"nojailla, noja, nojata"
homma
ruko
silla
sora
tasainen
"työläs, työntäyteinen, työteliäs"
ulkotyö
hallitsija
hovi
itsekäs
"kansalainen, kansalaisuus, kansallisuus"
"kiltti, kiltti"
kohtelias
korea
kruunu
lapsellinen
miniä
"naimisiin, naimakauppa, naimisiinmeno, naimisissa"
"nuori, nuori, nuoriso, nuoruus, nykynuori"
"tyttö, tyttömäinen, tyttöys"
prinssi
päähenkilö
ruotsi
siniverinen
titteli
tytär
vallanpitäjä
"varakas, varainen, varaisuus, varakkuus, varallisuus"
vilkuttaa
"ylempi, ylempi"
esiin
haarukka
harallaan
"harava, haravoida, haravointi"
"harva, harvemmin, harvennin, harventaa, harventua, harvoin"
heinä
kampa
kevät
"laaja, laaja, laajalti, laajentaa, laajentua, laajeta, laajuinen, laajuus"
miina
monihaarainen
"piikki, piikikäs, piikkinen"
"vaja, vaja"
ruska
"seistä, seisoa"
"siistiä, siisti, siisteys"
"taipuisa, taipua, taipuva, taipuvaisuus"
talkoo
butaani
buusteri
"ekologinen, ekotehokas"
"grillata, grillaus, grilli"
haihtua
hella
hitler
"huokoinen, huokea"
ilmapallo
ilmapistooli
"jarru, jarruttaa, jarrutus"
"juutalainen, juutalaisuus"
uuni
jääkaappi
kammio
liesi
kyynel
käry
pakokaasu
pakoputki
partikkeli
poljin
kranaatti
"sytkäri, sytytin"
syttyä
tukehduttaa
turbo
"vieressä, vierekkäin, vierellä, vieri"
arktinen
eksyä
etsikko
hitaasti
"kiertää, kierrellä, kierto, kiertolainen"
kompassi
lappi
luoto
lähtö
marssi
"matkailu, matka, matkustaa, matkustaja, matkustella, matkustus"
polku
määränpää
nuotio
"oikeanlainen, oikea, oikein"
"patikoida, patikka"
"kestoinen, kesto, kestoinen"
pyhiinvaellus
rinkka
"seikkailu, seikkailla"
"spiritualistinen, spirituaalinen"
suunnaton
taittaa
taivallus
"telttailu, teltta"
tunturi
töminä
"vaeltaa, vaellus"
tapa
vesiputous
"viikko, viikoittain"
"aikataulu, aikatauluttaa, aikataulutus"
edullinen
h
kauko
kilometri
kuski
lippu
luoti
nukkumapaikka
paikallinen
pysäkki
"rahdata, rahti"
ruuhka
"työpaikka, työtila"
"viheltää, vihellys"
"alkeellinen, alkeellisuus"
antibiootti
bakteriofagi
biologia
"desinfiointi, desinfioida"
dna
edesauttaa
"edistää, edetä, edistyä, edistys"
ehkäistä
"eliö, eliökunta, eliöstö"
esitumallinen
gramnegatiivinen
grampositiivinen
harmiton
iho
ilkeä
"immuniteetti, immuuni"
infektio
laboratorio
"liika, liiallinen, liika, liikaa"
loinen
lukematon
mikrobi
mikroskooppi
"niin, niin"
organismi
plasmidi
prokaryootti
resistentti
silminnähtävä
suolisto
"tunkeutua, tunkeilija"
virus
yksisoluinen
äärimmäinen
espanjalainen
gratiini
kaali
kalsium
kukkakaali
latva
"päällinen, päällimmäinen, päällys, päällystää, päällyste"
"rapea, rapsakka"
"rouskua, rouske"
umami
vastenmielinen
vitamiini
ajokortti
ajovalot
bensa
bensiini
"hidas, hidastaa, hidaste"
"kookas, massiivinen"
kuutio
lava
maakaasu
"posti, postittaa"
ratti
rekka
salakuljettaja
"takaluukku, takakontti"
tavaratila
tila-auto
yhdyssana
yhtä
realistinen
"todellinen, tosi"
huominen
"ideaali, idylli, ihanne, ihanne"
kummitus
"kuvitelma, kuvitella, kuvitteellinen"
"menneisyys, mennyt"
"motivaattori, motivaatio, motivoida"
näky
"onnistua, onnistuneisuus, onnistunut"
pitkäaikainen
saavuttamaton
"suola, suolata"
utopistinen
eheä
ele
"filosofia, filosofi, filosofinen"
"järkevä, järkeenkäypä, järkeenkäyvä, järkeily, järkevästi, järki, järkiperäinen"
kirje
miksi
minuus
painoarvo
pointti
tarkoite
"vahvistaa, vahvike"
vivahde
"ymmärrys, ymmärrettävä, ymmärtää"
"ahdistaa, ahdistus"
basso
bisnes
eloisa
finland
"harmonia, harmoninen"
hevi
"ikiaikainen, ikivanha"
intohimo
"kitara, kitaristi"
kollektiivinen
konsertti
nrj
näkymätön
of
"rap, räppi"
rock
rumpu
rytmikäs
soitin
tempo
"toimiala, toimi"
voice
värinä
ammua
farmi
paalu
"intia, intia, intialainen"
jäätelö
kakka
kavio
kerma
kömpelö
"laiduntaa, laidun"
lehmä
karja
"lypsy, lypsää"
monenvärinen
"muu, muu"
"märehtijä, märehtiä"
naaras
nauta
niitty
pötsi
"sarvellinen, sarvekas, sarvi"
sympaattinen
"aita, aitaus"
turpa
"täplikäs, täplä"
utare
vasikka
yksivärinen
arkki
asiakirja
"egyptiläinen, egypti"
"hento, heppoinen"
"kahista, kahina"
kirjapaino
"kopioida, kopio"
"kosteus, kostea, kostua"
"kuivata, kuiva, kuivattaa, kuivaus, kuivua, kuivuus"
lyijy
"merkintä, merkata, merkitä, merkintö, merkki"
minkävärinen
muistiinpano
muste
papyrus
paskantaa
"piirtää, piirros, piirustus"
runsas
ruutu
"rypistyä, rypistää, ryppy, ryppyinen"
"selluloosa, sellu"
taitella
tiedosto
vihko
viiva
wc
alaston
aukio
"elää, elää, elämä, elävä, elollinen, elossa, elossapysyminen"
jalusta
jähmettyä
jännä
kipsi
kolmiulotteinen
osoitus
lähtien
maamerkki
mannerheim
"marmorinen, marmori"
muotti
näköiskuva
patsas
pronssi
savi
suurmies
taltta
tori
"valaa, vala"
horoskooppi
"kesyttää, kesy"
"loistava, loistokas"
"paimentaa, paimen, paimentolainen"
"puskeva, puskea"
pässi
satanismi
tuhma
virtsa
vuohi
"vuoristo, vuori, vuoristoinen"
romu
google
gps
paikannus
"ilmakehä, ilmakerros"
"jäljittää, jäljennös"
kanava
"kartta, kartoitus, kartoittaa, maps"
"kaukaa, kaukaa, kaukainen, kaukana"
kiertorata
lautanen
luotain
"lähetin, lähetä, lähettää, lähetys"
miehitetty
nasa
neuvostoliitto
raketti
satelliitti
täyttäjä
usa
vakoilu
"vastaanottaja, vastaanottaa, vastaanotto"
"yksinkertaistaa, yksinkertainen"
alko
"alkupää, alkulähde, alkuosa, alkuperä, alkupuolisko"
fritsu
"harjoitella, harjoittaa, harjoittelu, harjoitus"
"jännittää, jännittävä, jännittyä, jännitys"
"kokemattomuus, kokematon"
mopo
"muistella, muistaa, muistettava, muisti, muisto, muistua"
"ohimenevä, ohimenevä, ohittaa, ohi"
"pidentyä, pidentää"
seuraava
teini
tällöin
v
vanhempi
"vanhuus, vanhus"
"varhainen, varhain"
vuosikymmen
"vuotias, vuotias"
väliinputoaja
ylistää
baari
hutera
hypätä
jakkara
kahvi
"keinua, keinu, keinuttaa"
kiikkerä
koroke
"kurottaa, kurotella"
kyykky
"levähtää, levähdys, levätä, lepäillä, lepo, lepuuttaa"
mieluinen
ns
palli
"pehmuste, pehmustaa"
pinota
selkänoja
"sisustus, sisustaa"
tuoli
vepsäläinen
"ylettyä, ylettää"
ego
eliitti
englantilainen
"esille, esillä"
facebook
päivitys
feikki
habitus
tulo
kokoomuslainen
"korottaa, korotus"
leski
"mahti, mahtipontinen"
meriitti
omatunto
profiili
psykologinen
quo
yhtye
sinkku
twitter
"hakemus, hakea, haku, hakuisuus, hakuinen"
ulospäin
ura
"ylpeys, ylpeä"
artisokka
elintarvike
iljettävä
"italia, italialainen"
"juures, juurtua"
juuri
"keitto, lehtiruusuke, soppa"
kitkerä
"käpy, käpymäinen"
lumme
maa-artisokka
"muhkurainen, etuajassa"
nuppu
peruna
"raastaa, raaste"
säilyke
"hallinnollinen, hallinnoida, hallinta, hallinto, hallita, hallitseminen, hallitseva, hallitus"
helluntailainen
"hengellinen, hengellisyys, henkinen, henkistyä, henkisyys"
huuhaa
"kaste, kastaa"
kerho
konservatiivinen
"kristinusko, kristillinen, kristitty"
"kunta, kunnallinen"
mari
mooses
"ristiäinen, ristiä"
sakramentti
seurakunta
sunnuntai
"toimitus, toimisto, toimittaa, toimittaja"
"tunnustautua, tunnustaa, tunnustus"
"ulkopuolinen, ulkopuoli"
lahko
"valtiollinen, valtio"
veisata
virsi
"yhteisöllinen, yhteisö"
keskittymä
"keskus, keskusta"
esikaupunki
haja-asutus
elo
hinta
infrastruktuuri
"kaikkialle, kaikkialla, kaikkialta"
"verkko, verkko"
"kiire, kiireinen"
kyltti
lähijuna
lähiö
maalainen
"maksimi, maksi"
naapuri
pelto
pientalo
sivilisaatio
taajama
urbaani
aterimet
hackman
hohtaa
leipä
"ruokailla, ruokailija, ruokailu, ruokala"
taulu
"tylsistyä, tylsä, tylsyä"
"voidella, voide"
akku
avanto
bosch
kairata
kiristää
käsikäyttöinen
"löysätä, löysä"
makita
"porata, pora"
"remontointi, remontoida, remontti"
"ruuvi, ruuvata"
puru
timantti
täristä
ajomatka
c
itsemurha
kiituri
kontti
kuusi
lesbo
logistiikka
"moni, moni, moni"
"peräkärry, perävaunu"
"vako, vako"
"stereotypia, stereotypia, stereotyyppinen"
"saastuttaa, saastua, saaste, saasteinen"
"suosikki, suosia, suosio, suosittu, suosituimmuus"
tulli
tuulilasi
viro
"aamiainen, aamupala"
"aamu, aamuisin"
erisnimi
"herätä, herättää, herätys, hereillä"
ilta
kananmuna
keskipäivä
krapula
laittautua
par
puolipäivä
"sarastus, sarastaa"
"soida, soittaa, soittaja, soitto"
stondis
"sumu, sumea, sumuinen"
tuolloin
utuinen
"vakiintua, vakituinen"
"valoisuus, valo, valoisa"
vuorokausi
"väsyttää, väsyä, väsyminen, väsymys, väsynyt"
artefakti
ateneum
"esitellä, esittäytyä, esittely"
halli
kehto
kierros
"kulttuurillinen, kulttuuri, kulttuurinen"
kunnostaa
maanantai
"opastaa, opas, opastaja, opaste"
opettava
"sivistyä, sivistää, sivistyneistö, sivistyneisyys, sivistynyt, sivistys"
vaalia
vetonaula
appelsiini
aromikas
"hapokas, hapokkuus"
irvistys
"leivonta, leivonnainen, leivos, leipoa"
"mauste, maustaa, mausteinen"
sima
"sisusta, sisus"
allas
"tuoksua, tuoksu"
vaha
vappu
virvoitus
ampiainen
"maanpinta, maanpäällinen"
esileikki
hattu
"houkuttaa, houkutella"
vaahto
loppukesä
mansikka
marja
mato
mesi
monivuotinen
nokkonen
nyppylä
pistokas
"pistävä, pistää"
poimia
puska
"rakkulainen, rakko"
ryteikköinen
"seinämä, seinä"
syömäkelpoinen
toukka
vattu
ankara
"emo, emakko"
hirveä
holhooja
huoltaja
"imettää, imettäjä, imeä"
kokki
kotitalous
merkkipäivä
munasolu
"rinta, rinnalla"
"ruokkia, ruokinta"
tukihenkilö
vauva
äitienpäivä
astia
sarja
hävettää
luokka
"lokerointi, lokero"
monoliittinen
muki
"pienentyä, pienentää, pienetä"
"pinta-ala, pinta"
standardoida
"suuruus, suuruinen"
taulukko
ulkomitta
ääriviiva
"aate, aatteellinen"
eno
etunimi
"geeni, geneettinen"
sisarus
ikäinen
"lähisukulainen, omainen"
"puoleinen, puolinen"
"perimä, perintötekijä"
riesa
setä
sisko
"toverillinen, toveri, toverus"
pilari
"urhea, urheus"
"hanska, hansikas"
eteinen
hukka
"hukkua, hukuttaa"
jackson
"keinokuitu, keinotekoinen"
lapanen
monivärinen
naarmu
rukkanen
sormikas
"tiukka, napakka"
käsine
uloke
"verhota, verho, verhoilu"
"viilto, viiltää"
ydin
"adoptio, adoptoida"
biologinen
herttainen
"japani, japanilainen"
"korostaa, korostus"
lapsenlapsi
nukke
sievä
silmäterä
sukupolvi
erityyppinen
hormoni
hyytyä
"kirurgia, kirurgi, kirurginen"
kuona
laatu
orgaaninen
plasma
pumpata
punasolu
"pitoinen, pito, pitoinen, pitoinen"
"sattua, sattuva, satuttaa"
suoni
"tahmea, tahmainen"
valkosolu
"varasto, varastoida, varastoitua"
"alennus, alentaa, aleneminen"
"ilmoittaa, ilmoitus"
shoppailu
taloustiede
tinkiä
varkaus
alati
arvoitus
empiirinen
"haastava, haastaa, haaste, haasteellinen"
hilse
hypoteesi
ihmiskunta
"kosketella, koskea, koskettaa, koskettava, kosketus"
"kritisoida, kritiikki, kriitikko, kriittisyys"
"luotettavuus, luotettava"
nörtti
oas
"oppi, oppia, oppiaine, oppikirja, oppilaitos, oppimäärä, oppiminen, oppineisuus, oppinut, oppitunti"
"pohjautua, pohjata, pohjustaa"
"professori, professuuri"
"puitteissa, puite"
puolueeton
päivittyä
"systemaattinen, systematisointi"
"testaus, testata, testi"
"toistaa, toisintaa, toistua"
"tosiseikka, tosiasia"
"vastaus, vastata"
"yli, yli"
"esiintyvyys, esiintymä"
kehikko
jalopuu
keski-eurooppa
kuukausi
lauta
maalivahti
parketti
"haara, haarainen"
pähkinä
"riittävä, riittää"
sakara
taku
tammenterho
tammikuu
terho
tiku
tynnyri
yhteyttää
aavikko
arabi
autio
beduiini
kaksikyttyräinen
kameli
juhta
kyttyrä
mussuttaa
"pohjoinen, pohjoinen"
sitkeä
taakka
vaappua
varvas
yksikyttyräinen
"kaappi, kaapisto"
kaulus
"napittaa, napillinen, nappi"
"ommella, ommel"
pitsi
"printti, printata, printteri"
"repiä, repeytyä"
"rikki, rikki"
rintaliivi
silittää
siveys
solmio
toppi
torso
"vartalo, vartalo"
alkamisaika
debuggaus
"indikoida, indikaattori"
katketa
"keskeytys, keskeyttää"
"kuluttua, kuluessa"
"lopettaa, lakata, lopetus, loppu, loppua, loppua, lopulta"
lounas
mieluisa
"mittainen, mitta, mittari, mittaus"
palautua
paussi
rankka
seisaus
spontaani
"stressata, stressaantua, stressi"
tee
tilaisuus
vilvoittelu
välitunti
epäkäytännöllinen
"heilua, heilutella, heiluttaa, heilutus, heilauttaa"
helma
housu
hulmuta
asu
"kierrätys, kierrättää"
koru
kuperkeikka
lahje
leninki
liehua
"mini, mini"
"naisellinen, naisellisuus, naiseus"
polvi
pusero
"puuvillainen, puuvilla, puuvillaa"
"päällä, päällä, päälle, päälle, päällekkäin, päällepäin, päältä, päältäpäin, päässä"
"silkkinen, silkki"
"sukkahousu, sukka"
universaali
viettelevä
vilpoinen
yksiosainen
"yllä, yllä"
piippu
"alainen, alaisuus, alamainen"
alihankinta
betoninen
d
hihna
"kaupungistua, kaupunkilainen, kaupunkimainen, kaupunkimaisuus"
"koneellinen, kone, koneisto"
linjasto
liukuhihna
luiku
robotti
sammio
tahkota
tutkinto
"työllistää, tyollistaa, työnteko, työskennellä, työskentely"
valmis
yksitoikkoinen
end
etuliite
"haikea, haikailla"
ikävä
jäljellä
"kaipuu, kaivata"
keskikohta
kulho
kyseinen
"tulostin, tulostaa"
"turha, turhake"
"uupumus, uupua, uuvuttaa"
"välttyä, välttää, välttää, välttää"
everest
"harrastaa, harrastaja, harrastelija, harrastus"
hipoa
"jäätikkö, jäävuori"
vyöhyke
eurooppa
kilimanjaro
kukkula
"laskettelu, lasketella"
"luminen, lumi"
maankamara
"mannerlaatta, manner, mantere"
mount
"multainen, multa"
nanometri
pyramidi
rapautua
rinne
saatto
syöstä
tulinen
peräinen
"törmäys, törmäily, törmätä"
"valloittaa, vallata, vallita, valloilleen"
vulkaaninen
puro
"fysiologia, fysiologinen"
haaremi
"hedelmöittää, hedelmällinen, hedelmöittyä"
kuukautinen
"muna, munia"
paritella
sukusolu
"synnytys, synnyttää, synnyttäjä"
liitäntä
säyseä
tamma
tai
"vastaava, vastaava"
"vastapuoli, vastapari, vastapooli"
äidillinen
"analysoida, analyyttinen"
aristoteles
"eettinen, eettisyys"
empiria
etiikka
hajamielinen
"humanisti, humanistinen"
kaapu
konsepti
käytäntö
"logiikka, looginen"
luoja
metafysiikka
meta
muumi
ontologinen
"opettaja, ope, opetella, opettaa, opettavainen, opettelu, opetus, omaksua"
"perus, perus, perus"
piisami
platon
"pohdiskella, pohdinta, pohdiskelu, pohtia"
retoriikka
sokrates
"teoretisoida, teoreettinen, teoria"
tiedekunta
austen
epäselvä
eritellä
"hullu, hulluttelu"
jane
"johdattaa, johdatella, johdosta, johtaa"
järjellinen
katseinen
kehottaa
konteksti
maalaisjärki
"muassa, muassa"
psykoosi
"rationaalisuus, rationaalinen"
romaani
synnynnäinen
"tajunta, taju, tajuta, tajuttomuus"
valikointi
"välimaasto, välimuoto"
eläintarha
hikotella
hirnua
laukata
matto
perässä
preeria
safari
savanni
seepra
tupsu
karmi
likaantua
siitepöly
särkyä
särö
"tuuletus, tuulettaa"
"viihtyvyys, viihtyä, viihtyisä, viihtyisyys"
albumi
cd
"dokumentti, dokumentoida"
"kansi, kannellinen"
kansio
kotelo
galleria
"liimata, liima"
lp
luettelo
puuttua
"selailla, selata"
"taltiointi, taltioida"
"tunnearvo, tunneside"
vinyyli
välilehti
alakuloisuus
asianomainen
epäonni
"hälytys, hälyttää"
inhimillinen
kamala
kuolonuhri
katastrofi
"onnellisuus, onnellinen"
poliisi
"reagointi, reagoida, reaktio"
sopeutua
"tahallinen, tahallaan"
tapaturma
"tarkoituksellinen, tarkoituksenmukainen"
"traaginen, tragedia"
trauma
"tulipalo, tuli, tulipesä"
tuska
"vakuutus, vakuuttaa"
"vammautua, vamma, vammainen, vammauttaa"
"verinen, veri, verihiutale"
virhe
vältellä
ehtyä
epäorgaaninen
fissio
"fossiili, fossiilinen"
fuusio
reaktori
"pohja, pohja, pohjainen, pohjainen"
huoltoasema
kaura
"käynnistyä, käynnistää"
petroil
polttomoottori
"sytyttää, sytytys"
"kaluste, kalustaa, kalustus"
kiikkustuoli
käsinoja
pelkistää
rulla
vaivuttaa
"ääressä, ääreen, äärellä, äärellä"
ilmapiiri
jälkipyykki
"järjestäjä, järjestää, järjestäytyä, järjestäytyneisyys, järjestely, järjestö, järjestyä, järjestyneisyys, organisaatio, organisointi, organisoitua, organisoida"
"kiitos, kiitollisuus, kiittää"
kohokohta
malja
seurustelu
syntymäpäivä
"tunnusomainen, tunnusmerkki, tuntomerkki"
tänne
"vieras, vierailija, vierailla, vierailu, vieras"
viikonloppu
"yhdessäolo, yhdessä"
yhteishenki
ylioppilas
alkuaine
elektroni
"eri, eri"
hapettua
"heijastaa, heijastua"
jalometalli
jalo
kaivos
karkaistua
kattila
"kiillottaa, kiillellä, kiiltää, kiiltävä"
messinki
rihkama
ruostua
seos
taivuttaa
"yläluokka, yläluokkainen"
apotti
askeettinen
"eristäytyä, eristää, eriste, eristyä, eristys"
johtoporras
"jossakin, jossain"
karsia
kommuuni
"kurinalainen, kuri, kurinalaisuus"
luostari
"läsnäolo, läsnä"
"muuri, muurata"
nunna
omavarainen
omistautua
panna
päärakennus
selibaatti
totaalinen
"tottelevaisuus, tottelevainen"
"vetäytyä, vetää, vetäjä, vetävä, vedettävä"
väki
yhdenmukaistaa
"ympäröidä, ympäröidä"
"amerikka, amerikkalainen"
"askel, askellus, astua"
cm
"etäisyys, etäinen"
eurooppalainen
harppaus
is
jaardi
johdannainen
kansainvälinen
kymmenjärjestelmä
laser
maili
systeemi
"millimetri, milli"
"mittayksikkö, mitta-asteikko, mittakaava, mittasuhde"
napa
puolitoista
päiväntasaaja
"ranskalainen, ranska"
si
säde
tuhannesosa
tuuma
välimatka
"ympäryys, ympärys, ympyrä"
apina
banaani
evä
identtinen
kaksonen
käyrä
magnesium
pirtelö
plantaasi
risteytys
sukupuutto
terttu
"treeni, treenata"
"trooppinen, tropiikki"
"vanheta, vanhemmiten, vanhentua, vanhin"
fazer
"hiipiä, hiipivä"
"kissamainen, kissa"
kuviollinen
leopardi
"murista, murina"
"pilkukas, pilkku, pilkullinen"
sademetsä
salmiakki
uhanalainen
vaania
väijyä
aku
höyhen
jokamies
kaakattaa
"kvaakkua, kvaak"
lättänokka
nokka
"paisti, paisto"
pulla
räpylä
sorsa
"sukeltaa, sukellus"
sulka
taapertaa
vaakkua
vaakuttaa
"suositus, suositus"
kela
kurkistaa
käsiala
resepti
"nielu, niellä"
"palkata, palkansaaja, palkka"
patologisoiva
päivystys
stetoskooppi
vaitiolo
ylityöllistetty
jauheliha
"kirveltää, kirvellä, kirvely"
kupoli
kuullottaa
monikerroksinen
"närästys, närästää"
pannu
pitkään
sipuli
talvehtia
tulppaani
valkosipuli
alus
"ammus, ammunta, ampua"
hakeutua
järjetön
kantama
"kauko-ohjata, kauko-ohjattu"
kohti
"kokonainen, kokonaan"
maalitaulu
"ohjelmoida, ohjelmointi"
ohjus
panssarivaunu
patteri
siilo
"suunnata, suunta"
tarpeeton
"tiputtaa, tippua"
tuliase
tykki
tähdätä
täsmällinen
aikoinaan
esihistoria
hiilidioksidi
imperfekti
isäntä
jäähdyttää
kulottaa
"kypsennys, kypsä, kypsentää, kypsentyä, kypsyä, kypsyttää"
leimuta
liekki
primitiivinen
renki
takka
tuhka
tukahduttaa
tulitikku
valtias
yhtyä
adessiivi
airo
android
genetiivi
"ajelu, ajo, ajelehtia, ajautua"
"kellua, nektariini"
näyttö
kupera
köli
köysi
masto
nokia
optimistinen
peräsin
pronomini
sailfish
käyttöjärjestelmä
subjekti
uniikki
kapistus
älypuhelin
arvosana
"arvostella, arvosteleva, arvostelu, arvostus, arvottaa"
"ennakko, ennakoida, ennakoimaton, ennakointi, enne"
johtopäätös
"kuulustelu, kuulustella"
luntata
oppilas
otos
palaute
paniikki
pisteytys
"pitävyys, pitää, pide, pidellä, pitävä"
suullinen
"tarkastus, tarkastaa, tarkastaja, tarkastella, tarkastelu"
"tietää, tietää, tietämys, tiettävä"
"toimivuus, toimiva"
tuntematon
"varmuus, varma, varmentaa, varmistaa, varmistua, varmistus"
ylitsepääsemätön
alkuperäinen
"aplikaatio, applikaatio"
bugi
ekspertti
"kirjanpito, kirjata"
kyhätä
"käsky, käskeä, käskyttää"
ladata
lähtökohta
"ohjelmisto, ohjelma"
räätälöidä
tekotapa
"tietotekniikka, tietotekninen"
"toteutus, toteuttaa, toteutua"
"vaihtoehtoinen, vaihtoehto"
vapaa-aika
verbi
viitekehys
"alistaa, alistua"
ehostaa
emätin
genitaali
"hyväksyttävä, hyväksyä, hyväksyntä"
"kimeä, kimakka"
klitoris
sukupuolielin
"ruumiillinen, ruumis"
ruuma
"tunti, tunti"
siro
suklaa
vagina
"xx, x"
arkistointi
hallittu
"jäsennellä, jäsentää, jäsentely"
kaoottinen
lajitella
löyhä
metodi
ohje
pyykki
"selkeyttää, selkeä, selkoinen, selvä, selventää, selvyys"
antimateria
"esitelmä, esitys"
ilmava
joustavuus
keraaminen
kertakäyttöinen
komposiitti
käsinkosketeltava
"käyttökelpoisuus, käyttökelpoinen"
"käyttötarkoitus, käyttötapa"
"lujuus, lujaa"
johtavuus
moninainen
nippu
"palaminen, palaa, palamistuote, palava, palo"
polymeeri
rakennusaine
robusti
vedenpitävyys
ympäristöystävällinen
asiaankuuluva
demonstroida
dialogi
"draama, dramatiikka"
eläytyä
esite
interaktiivinen
itseilmaisu
juoni
kannanotto
katsomo
"kaunokirjallisuus, kaunokirjallinen"
"komedia, komiikka"
kuvaelma
"käsikirjoittaja, käsikirjoittaa, käsikirjoitus"
lavaste
"näytelmä, näytellä"
"näyttämö, näytös, näytteillä, näyttelijä, näyttely"
shakespeare
show
"suunnittelu, suunnitella, suunnitelma, suunnitelmallisuus"
teatteri
vuoropuhelu
vuorosana
artikuloida
barrikadi
"erimielisyys, erimielinen"
eripura
ideologia
innoittaa
ismi
"katsonta, katsomus"
kiihkeä
lailla
luopua
mielenosoitus
"muokkaaja, muokata, muokkaus, muokkautua"
perimmäinen
puolue
päähänpinttymä
rasismi
"tavoittelu, tavoite, tavoitella, tavoitteellinen"
lataus
vakaumus
vasemmistolaisuus
"ylväs, ylväys"
kaulahuivi
kinnas
klipsi
muulloin
pikkulapsi
puikko
"traditionaalinen, traditio"
tumppu
tönkkö
"villa, villa, villainen"
elintoiminto
hartia
kallo
kantapää
niska
nyökätä
pudistella
päähine
pääjohtaja
rakentua
"selkäranka, selkä, selkärankainen"
ylin
akrobatia
etusormi
kädellinen
käsimerkki
"laitimmainen, laita"
"liftaus, liftata"
näppäillä
oppositio
"peukku, peukalo, peukuttaa"
pinsetti
"positiivisuus, positiivinen"
"pystyssä, pysty, pystysuora, pystyttää"
"reunimmainen, reuna, reunus, reunustaa"
sormenjälki
"tarttua, tarttua, tarttuma"
ampuma-ase
epäsuora
hengenvaarallinen
kaliiperi
kuula
"laukaisija, laueta, laukaista, laukaisu, laukaus"
laveri
"lyönti, lyödä"
mainila
elokuva
ruuti
akseli
hurista
jakoavain
kaksitahtinen
kampi
kodinkone
mäntä
nelitahtinen
päristä
sylinteri
"öljyinen, öljy"
"hiki, hiostaa"
joulupukki
"lammas, lambi"
pesukone
"reiällinen, rei'ittää, reikä, reikiintyä"
sandaali
taipumus
tekokuitu
tennis
"umpinainen, umpi"
"esiintyminen, esiintyä, esiintyjä"
euro
fani
hyväntekeväisyys
kiertue
koreografia
festivaali
orkesteri
"pääasiallinen, pääasia"
sinfonia
stadion
taputtaa
tuominen
yökerho
herne
jalkaväki
"keittäjä, keittää"
kenraali
"keskimäärin, keskimäärä, keskiverto"
khaki
kurinpito
jääkäri
maammelaulu
maanpuolustus
parikymppinen
"ristiriitainen, ristiriita, ristiriitaisuus"
"tasa-arvoinen, tasa-arvo, tasa-arvoistaa, tasa-arvoisuus"
tj-luku
"toinen, toinen, toinen"
monopoli
ylipäällikkö
"yöpyminen, yöpyä, yöpyminen"
berliini
ddr
eteneminen
murikka
loitolla
"läpikulku, läpikäydä"
mongolia
"murtua, murtaa, murtuma"
"näkyvyys, näkyvä"
portti
"siirtolaisuus, siirtolainen"
tii
vaimentaa
"varata, varautua"
cowboy
"hellyttävä, hellittely, hellyys, hellyyttävä, hemmotella"
jouhea
laukka
"maanviljely, maanviljelijä, maanviljelys"
meetvursti
metwurst
muuassa
"muinoin, muinainen"
piehtaroida
ponihäntä
porkkana
ratas
"ravi, ravata"
"satula, satuloida"
talli
uljas
valjaat
"varsa, varsoa"
"aliarvioida, aliarvostaa"
asenne
elävöittää
etninen
etuala
jäävi
kaukana
"kehystää, kehys"
kyse
muotokuva
perustiedot
"piilotella, piilo, piilottaa"
"syntyperä, syntypaikka"
taka-ala
"takapuoli, takaosa"
"peili, peilata"
"toimija, toimia, toiminto"
varsinainen
"välttäämättä, välttämätön, välttämättä, välttämättömyys"
yksityiskohta
anoa
apuraha
säätiö
"ostaja, ostaa, osto, ostos"
"budjetti, budjetointi"
hanke
inflaatio
"korkeakoulu, korkeakolulu, korkeakoulutus"
"kolmas, kolmannes, kolme"
kulu
liiketalous
liiketoiminta
osinko
"pyytää, pyynti"
pääaine
saaja
sektori
"sponsorointi, sponsori"
startup
stipendi
taho
tilinpito
toimenpide
velka
auktoriteetti
haalari
huume
käsirauta
"rikkoja, rikkoa, rikkonainen, rikkoontua, rikkoutua"
"vartija, vartioida, vartiointi"
maija
napata
pamputtaa
"partioida, partio, partiolainen"
passi
"henkilöstö, henkilökunta"
pidättää
pilli
putka
"ratkaisija, ratkaiseva, ratkaista, ratkaisu, ratketa, ratkoa, ratkonta"
"rikollinen, rikos, rikollisuus"
"sakottaa, sakko"
vilkku
torjua
tuima
tuomioistuin
formu
virka
vuoro
"alaraaja, alaruumis"
hyönteinen
"jänne, jänteisyys, jäntevä"
"käännellä, käänne, käännös, kääntää, kääntyä"
"lähellä, lähellä, lähelle, lähemmäs, lähestyä, lähettyvillä"
parata
pylly
pyörätuoli
reisi
sääri
"alakoulu, ala-aste"
esikuva
jälki-istunto
kasvatustiede
liitu
"luento, luennoida"
läksy
"neuvoa, neuvo"
pedagogiikka
"pätevä, päteä, pätevyys"
rehtori
"sijainen, sijais"
"silmälasit, silmälasi"
tentti
"todistus, todistaa, todistaja, todiste"
tuntija
coleslaw
"jänis, pupu, kani, pupujussi"
kääryle
keräkaali
kiinankaali
lehtikaali
parsakaali
pierettää
ripuli
"kuituinen, kuitu"
ruusukaali
viherkasvi
asiallinen
flanelli
pääntie
"viestittää, viesti, viestiä, viestin, viestintä"
isyys
"jumittua, jumiin, jumittaa, juuttua"
kapula
kiskoa
kulmakarva
momentti
"nipistys, nipistää"
nyppiä
"osuva, osua"
pihti
ronski
ruoto
"saksi, sakset, saksia"
viemäri
avajainen
ottelu
kaikenikäinen
karnevaali
"osallistuja, osallistua, osanottaja"
pääsylippu
"sattumanvarainen, sattuma, sattumus, satunnainen, satunnaisuus"
"todennäköisyys, todennäköinen"
ulkotila
"viihteellinen, viihde, viihdyke, viihdyttää, viihdyttävä"
ankkuri
propaganda
raportoida
"sanomalehti, sanoma"
selostus
tiedonanto
"tiedottaa, tiedote, tiedotus, tiedustelija, tiedustella"
kynnys
äskettäin
blues
e
g
jousi
koppa
genre
nappailla
"viritys, virittää"
piano
plektra
rokki
rämpyttää
soolo
talla
tappi
kotka
"koukku, koukuta, koukuttaa"
"metsästäjä, metsästää, metsästys"
myyrä
"pesiä, pesä, pesiytyä, pesintä"
raatelu
riista
"rohkeus, rohkea"
temppu
tunnus
"tähdistö, tähti"
vaakuna
"venäläisyys, venäjä, venäläinen"
dingo
kerjätä
kuolata
läähättää
noutaa
nuolla
polveutua
"pureskelu, pureskella"
"rekisteröidä, rekisteri"
seurallinen
aasi
epäsiisti
formula
"katos, katettu, katto"
lanta
maalaistalo
olki
pilttuu
"pölyinen, pöly, pölyyntyä"
"ratsastaja, ratsastaa, ratsastus, ratsu"
foolihappo
greippi
karvas
"kotimainen, kotimaa, kotitekoinen"
lohko
lonkero
ulkokuori
"annos, annostella"
"demokratia, demokraattinen"
diktatuuri
diskurssi
eduskunta
epätasa-arvo
epätasainen
foucault
"hallussa, hallussapito"
hyväosainen
kaapata
langettaa
"määräävä, määräämisoikeus, määräilevä, määräillä, määrätä, määräys, määrätty, määräytyä, määräytyä"
nähden
oikeuttaa
paatos
sortti
"syrjiä, syrjintä"
säädös
"vaikutusvalta, vaikutusvoima"
valtakirja
"väärin, väärin, väärentää"
"ulotteinen, ulottuvuus"
"aito, aitous"
fotorealistinen
graafinen
"harha, harhautus, harhaluulo, illuusio"
"järkyttää, järkkyä, järkyttävä"
kaksiulotteinen
kamera
"kylväjä, kylvää, kylvö, kyntää, kyntö"
monistaa
"muistikuva, muistuttaa"
pikseli
replikaatio
riipustaa
"valheellinen, vale, valehdella, valhe"
"ahkera, ahkeruus, ahertaa"
apila
etuhammas
häkki
"hämärä, hämärtyä"
kotieläin
loikkia
näkökenttä
nökö
hampainen
pomppia
takajalka
töpö
"haka, haka"
kartano
"lentoasema, lentokenttä"
"lukko, lukita, lukollinen"
luotaantyöntävä
"parkki, parkkeerata"
salvata
sarana
"sulkeutua, sulkea"
"tietoliikenne, tietoverkko"
"vahtia, vahti"
helium
kaukoputki
lieska
"loistaa, loiste, loistelias"
miljardi
"mytologia, myytti, myyttinen"
punasiirtymä
sinisiirtymä
super
supernova
"suunnistus, suunnistaa"
tuikkia
ulkoavaruus
ydinreaktio
epäsymmetrinen
"höröttää, hörö"
sieni
kudos
kunnolla
"kuuro, kuuroutua"
lurppakorva
"lävistää, lävitse"
"mihinkään, mihin, minne"
"poimuinen, poimu, poimuttua"
ruumiinosa
simpukka
sisäkorva
"tulehtua, tulehdus"
tärykalvo
ulko-osa
"ulkoneva, ulkonema"
vaikku
"vaurioitua, vaurio, vaurioittaa"
"äänestää, äänestys, äänioikeus"
hiilikuitu
laituri
lasikuitu
luokse
"meloa, mela"
"myrsky, myrskyinen, myrskyisä, myrskynsilmä"
perämoottori
messu
alkueliö
bakteeriperäinen
kurja
kuume
märkiä
"oireilla, oire"
puhjeta
rokote
"ruiske, ruiskauttaa"
"tartunta, tarttuvuus, tartuttaa"
voipua
"paiste, paistaa"
blokata
hahtuva
haituva
hattara
helle
ilmavirta
kannabis
"kertyä, kerryttää"
kiertokulku
"pilvinen, pilvi"
"pimentää, pimeä, pimetä, pimeys"
pouta
pumpuli
rae
"ukkostaa, ukkonen, ukonilma"
"tiivistymä, tiivis, tiivistää, tiivistelmä, tiivistyä, tiivistymä"
"ehdotus, ehdottaa"
epämuodollinen
epävirallinen
esimies
jutella
katsaus
keskiviikko
koolle
"menettely, menettely"
miesvaltainen
neuvottelu
"nuijia, nuija"
pitkäveteinen
powerpoint
puheenjohtaja
puheenvuoro
päätösvaltainen
pöytäkirja
"selvitellä, selvitä, selvittää, selvitys"
sihteeri
säännellä
"tasalla, tasa"
tehoton
tiedonkulku
"unohtua, unohtaa"
"vakavuus, vakava"
koputtaa
liukuovi
"liukua, liuku"
narista
paiskoa
selektiivinen
ulko-ovi
"uloskäynti, ulospääsy, ulostulo"
"vihainen, viha, vihamielinen, vihastuttaa, vihata"
ateisti
dogmaattinen
elämänkatsomus
epälooginen
evankelinen
luterilainen
fanaattinen
"formaali, formalisoida"
helatorstai
hihhuli
irrationaalinen
islam
"kieltää, kielletty, kielteinen"
konflikti
"lieventää, lievä, lievittää"
moskeija
oikeaoppisuus
olemattomuus
opus
pilata
pöty
"radikaalinen, radikaali"
"rajoite, rajoitettu, rajoittaa, rajoitus"
valio
"seuraaja, seurata"
"sidos, side"
"tila, tila"
haalea
hankaus
hipsteri
"huovuttaa, huovi"
isoäiti
keriä
"kutista, kutittaa"
kutistua
kuvioida
"lempi, lempeys, lempi, lempeä"
"neule, neuloa, neulos"
"norjalainen, norja"
"persoonallinen, persoona, persoonallisuus"
"pistellä, pisto"
sakari
"talvinen, talvi"
turkiskuoriainen
välillinen
ylle
flunssa
huivi
kašmir
kietoa
kolmio
kurkku
kääriä
"leimata, leimasin, leima"
liina
"moottoripyöräilijä, moottoripyörä"
viimeistellä
yskä
borneo
dumbo
"elefantti, norsu"
kaltoin
kohdella
kurttuinen
"kärsiä, kärsimys"
"länsimaa, länsimaalainen, länsimainen, debatti, länsimaisuus"
maapähkinä
nepali
pärskiä
raskaus
"riisto, riistää"
salametsästää
snorklata
syöksyhammas
tonni
torahammas
trööt
bataatti
etanoli
farmville
gluteeniton
hiilihydraatti
"jauho, jauhoinen, jauhomainen"
jenkki
fruktoosi
"käytetty, käytetty"
lisäke
maissi
hiutale
siirappi
mikro
"pakaste, pakastaa"
popcorn
työvoima
tanko
texmex
tähkä
veranta
yksivuotinen
ylituotettu
aukeama
contra
kehä
kirjasto
"kustantaja, kustannus, kustantamo"
nitoa
painokone
"paksuus, paksu"
nivaska
päiväkirja
"sisällysluettelo, sisällys"
takakansi
"viimeksi, viimeinen"
yleissivistävä
anders
bock
chuck
"ei, ei, ei, ei, älä"
epäröidä
"epätosi, epätodellinen"
huhu
hype
idoli
ior
jutila
"leiri, leiriläinen"
"kulkeutua, kulku"
kärjistää
liioitella
mahtava
norris
"oloinen, olo, olomuoto, olotila"
"sankarillinen, sankari"
selänne
supersankari
tarunhohtoinen
teemu
timo
uroteko
"alakäsite, alakategoria, alalaji, alayksikkö"
animaatio
dynaaminen
"epämääräinen, epämääräisyys"
konnotaatio
"koodaus, koodata"
"kummastuttaa, kummallinen, outo, outous"
"lähin, lähi, lähin, lähipiiri, lähistö"
minkäkokoinen
"neutraalius, neutraali"
"nimetä, nimeke, nimittää, nimi, nimitys"
substantiivi
taksonominen
ufo
vähätellä
ötökkä
horros
hunaja
"juuso, juusto"
jääkarhu
karjua
kiukkuinen
lulla
molotov
ribbentrop
mustikka
"nalle, karhu, mesikämmen"
otso
panda
putti
seka
suksi
suurpeto
"tarusto, taru"
trikiini
tölkki
vaaraton
vladimir
epähedelmä
esanssi
esteri
kaikenlainen
keskikesä
kiisseli
koju
lettu
luomu
"maata, makuu"
rönsyillä
savo
skumppa
syntetisoida
"thaimaalainen, thai"
vanilja
bää
"irlanti, irlantilainen"
jauhaa
karitsa
"kasvatus, kasvatuksellinen"
keskikokoinen
keskiruumis
kuohia
lanoliini
lauhkea
lempiruoka
murea
"määkiä, määkiä"
parvi
"rasvainen, rasva, rasvoittua"
"savustaa, savu, savuttaa"
talja
uusi-seelanti
benjihyppy
"ensimmäinen, ensimmäinen, ensimmäinen, ensisijainen, ensiksi"
episodi
harjaantuneisuus
"kannalta, kanta"
"kartuttaa, karttua"
nummi
rauhanturvaaja
sta
"tavallisuus, tavallinen, tavanomainen"
teppo
työelämä
työnhaku
unohtumaton
"anonyymi, anonymiteetti"
arpanet
asioida
bitti
for
globaali
"huijari, huijata, huijaus, narraus"
kaapeli
foorumi
"kysely, kysellä, kysyä, kysymys, kysyntä"
"liittymä, liittyä"
"mielellään, mielekäs"
"mullistava, mullistaa, mullistus"
packet
palvelin
pn
porno
protokolla
selain
sensuuri
serveri
sonta
switching
sähköposti
"tietokanta, tietopankki"
tietolähde
täsmämarkkinointi
"pelaaminen, pelaaja, pelata, peli"
"verkostoitua, verkkopohjainen, verkosto"
verrattain
vuosisata
"www, web, wide, world"
epätäydellinen
"etuoikeus, etuoikeutettu"
"koetella, koe, koettaa, koetus"
latistaa
"moniasteinen, monimuotoinen, moniosainen, moniportainen, monipuolinen, monitahoinen"
paikkakunta
"kohtainen, kohtainen"
puurtaa
"säilö, säiliö, säilöä, säilöntä"
"rasittaa, rasite, rasittava, rasittua, rasitus"
risto
"sosiaalistaa, sosiaalinen, sosiaalisuus, sosialisoituminen"
"yhtenäistää, yhtenäinen, yhtenäisyys"
"ylä-aste, yläaste, yläkoulu"
anis
bloody
chicken
"dipata, dippi"
liemi
lanttu
dieetti
mary
mieluiten
mukula
nihkeä
purjo
mani
"ravinteikas, ravinne, ravitseva"
sadonkorjuu
tomaatti
selleri
vegaani
väkevä
wings
wokki
"yksin, yksin, yksinään, yksinäinen, yksinäisyys"
"aatelinen, aatelisto"
detektoida
epäpuhtaus
"solu, solu"
epiteeli
"inhota, inhokki, inhottava"
sierain
keskipiste
"kuvaannollinen, kuvainnollinen"
kyömy
niistää
"nuhainen, nuha"
nuuhkia
nyrkkeilijä
nöpö
"paleltua, palella"
pinocchio
pisama
poski
"rustoinen, rusto"
ryypätä
räkä
sensori
silhuetti
suodattaa
tonkia
"tukossa, tukkia, tukkoon"
tunkea
utelias
varastaa
vilustua
värekarva
asuinsija
baba
bastilji
buckingham
fresko
herttua
kodikas
luksus
monumentaalinen
"museoida, museo"
paavi
pariisi
pääkaupunki
ruhtinas
šeikki
sulttaani
aarre
ylellinen
alaikäinen
den
glider
"hölmö, höhlä"
kolttonen
kurt
lempiväri
lindström
"mestaruus, mestari"
"maskuliinisuus, maskuliininen"
"naiivi, naivismi"
nimittely
pokaali
rasavilli
rauhattomuus
riehua
"sukukypsä, sukukypsyys"
suvaita
temmeltää
ujo
veijari
vilkas
"myöhä, myöhä, myöhään, myöhäinen, myöhässä, myöhästyä, myöhemmin"
pyrähdys
"viiletä, viileä, viilentää"
ekspressionismi
impressionismi
kompleksinen
kubismi
"teos, teos"
lisa
luomi
mona
nykytaide
"näytille, näytillä, näyttää, näyttäytyä"
paspartuu
pensseli
sivellin
vesiväri
alanko
beeta
karoteeni
betakaroteeni
itää
kaksivuotinen
kartio
lumiukko
marsu
mädätä
naatti
narskua
popsia
rakuuna
rusketus
"violetti, liila, lila, puuhastella, puuha"
"ansio, ansaita"
arvomerkki
arvonimi
huomattava
"korkeatasoinen, korkealuokkainen"
"kunniamaininta, kunnia, kunnianarvoisa, kunnianosoitus, kunnioitettava, kunnioittava, kunnioitus, kunnioittaa"
"listata, lista, listoittaa"
luetella
ennätys
markkeerata
moka
portfolio
positio
"vaivata, vaiva, vaivannäkö"
virstanpylväs
absoluuttinen
"arvaus, arvata"
data
eksakti
"ennustus, ennustaa, ennuste, enteillä"
epätarkka
fiilis
keskiarvo
"laskelma, laskea, laskennallinen, laskenta, laskutoimitus"
lausunto
lonkka
otaksuma
pyöristys
"päätelmä, päätellä, päätöksenteko, päätteleminen, päättelevyys, päättely"
spekulaatio
suuntaa-antava
"kelpoisuus, kelpoinen"
uskottu
valistua
veikkaus
vika
yleiskatsaus
"ylittyä, ylittää, ylitys"
alahuuli
alapää
botox
"erite, erittää"
"hymy, hymyillä"
"kosmetologi, kosmetiikka"
mutristua
rohtua
"täyteläinen, täyte, täytteinen, täyttyä"
ulkoreuna
vitsi
ylähuuli
aineisto
alibi
"argumentti, argumentoida"
asianajaja
asiantila
"epäillä, epäily, epäilys"
epäuskottava
juridinen
"karkuun, karkuri"
kiistämätön
kuitti
kumota
"lavastaa, lavastus"
markkinointi
näyte
raskauttava
"riitely, riidellä, riita"
"syyllinen, syy, syyllistää, syyllistyä, syyllisyys, syypää, syyttää, syytös"
"syytön, syyttömyys"
tekaista
"todenmukaisuus, totuus"
todentaa
todeta
totinen
yksiselitteinen
amputoida
elehtiä
ihonvärinen
"kommunikoida, kommunikaatio, kommunikointi"
"kyynärvarsi, kyynärpää"
"kätellä, kättely"
"kätisyys, kätinen"
"manipulointi, manipuloida"
"motorinen, motoriikka"
"ojentaa, ojennus"
"olkavarsi, olkapää"
pikkutarkka
ranne
sensuelli
setti
"tervehtiä, tervehdys"
vuorata
lineraarinen
fn
hangata
"hankaloittaa, hankaloitua, hankaluus, hankala"
ihmissuhde
kahdenlainen
kelkka
"kiihdytys, kiihdyttää, kuoriutua, kiihtyvyys"
"kitkakerroin, kitka"
komponentti
lepokitka
liikkeellelähtö
liukaste
"liukkaus, liukas, liukastua"
luisto
palovamma
vastavoima
viulu
ylipäänsä
"ympäriinsä, ympäri, ympärillä, ympärillä, ympärille, ympärille, ympäriltä"
kanuuna
kypärä
militantti
pasi
reservi
rintama
ryhdikäs
rynnäkkö
sinko
"varustus, varustaa, varustautua, varuste, varustella, varustettu"
"tappaja, tappaa, tappo"
tina
figuuri
topdown
"typerys, typerä"
työnantaja
varusmies
virka-apu
ylennys
yliarvostaa
avomaa
henkitorvi
"kipeytyä, kipeä, kipu"
kurkunkansi
käheä
leuka
nikama
pääosa
"nesteinen, neste, nestemäinen"
ruokatorvi
tienoo
"vatsalaukku, vatsa, maha"
"vesipitoisuus, vesipitoinen"
"viipaloida, viipale"
vino
kammoksua
"kyläläinen, kylä"
"köyhyys, köyhä"
"talo, talo"
aho
aseptisuus
biologi
duroy
kidutus
laukku
monikko
näköeste
punkki
"puristua, puristaa, puristus"
"kaari, kaareva, kaartua"
kumara
panssari
notko
pakara
ranka
rapsuttaa
sisäelin
vihtoa
aie
"huitoa, huiskia"
"ilmentää, ilmenemismuoto, ilmentymä, ilmestyä, ilmetä, ilmetä"
karkottaa
kärpänen
laahata
lisko
"loppupää, loppuosa"
mangusti
peppu
peräpää
surkastua
takaruumis
"tunnetila, tunneperäinen"
tuuhea
viuhtoa
"action, action"
amatööri
ekstrovertti
"epäsäännöllinen, epäsäännöllisyys"
hollywood
"itsevarma, itsetunto, itsevarmuus"
"lahjakkuus, lahjakas"
maskeerata
"määräaikainen, kahlata"
päärooli
samaistua
"sivu, sivu"
tekeytyä
"toivottava, toive, toiveikas, toivo, toivoa, toivomus, toivottaa, toivottavasti, toivottu, toivottu, toivotus"
valkokangas
aavemainen
dekkari
golf
"jylhä, jykevä"
koruton
kreivi
rapistua
synkkä
tilus
tontti
torppari
britti
carne
chili
con
ilmavaiva
papu
kota
liottaa
"meksikolainen, meksiko"
muhennos
niljakas
palko
"ruoka-aines, ruoka-aine, ruoka, ruokaisa"
soija
teksas
alava
"heimo, heimolainen"
jääkausi
laakso
mikroilmasto
silicon
suvanto
sveitsi
"syvennys, syvä, syventää, syvyys"
tasanko
tyyni
u
usva
valley
"valuttaa, valua, ylivoima"
"viljava, vilja, viljelijä, viljellä, viljely, viljelys"
ylävä
absurdi
"ajankulu, ajanviete, ajanvietto, viete"
askarruttaa
fantastinen
levollinen
mielenliike
"mielenrauha, mielenterveys, mielentila, mieliala"
monivaiheinen
nukkumatti
ollenkaan
painajainen
piristä
ram
rem
sikeä
simulaatio
"tunniste, tunnettu, tunnistaa, tunnistautua"
"vireys, vire"
alavartalo
halkio
kaisla
kietaisu
"maxi, maxi"
minihame
sijata
"vyötärö, vyö"
arvovaltainen
"asiantunteva, asiantuntija, asiantuntemus"
erotuomari
kylmähermoinen
maallikko
peruukki
rike
tapauskohtainen
toimeenpanija
"vastuullinen, vastuu"
asiakas
"diagnosoida, diagnoosi"
koheta
"oleilla, olemassaolo, oleskella, oleskelu, olla"
performatiivinen
"toipua, toipilas"
rutiini
vaivaantua
arkku
"käyttöinen, käyttöinen"
"kuormata, kuorma"
maksa
"pahvinen, pahvi"
penkoa
rasi
uksi
"särmiö, särmä"
teippi
affekti
"alitajuinen, alitajunta"
hämätä
"luonnostaan, luontainen, luontoinen"
paljonpuhuva
"pelleillä, pelle"
"riippumaton, riippumatta"
teeskennellä
vaikutelma
vastavuoroinen
"vääntely, vääntää"
"vääristellä, vääristää, vääristyä, vääristymä"
yhteisvaikutus
"geometria, geometrinen"
"hukata, hukassa"
pii
pingis
r
projektio
"vertaa, vertailla, vertailu, vertautua"
alaraja
korreloida
pikkuhiljaa
tyytymättömyys
vastasyntynyt
voimassaolo
vuosirengas
"yhteenlaskettu, yhteensä"
"ääretön, ääretön"
hirvi
"jaettava, jaella"
jonkinnäköinen
juju
"laatija, laatia"
"pelottelu, pelokas, pelote, pelotella, pelotin, pelottaa, pelottava"
pääkohta
pönkittää
sepite
ulkomuisti
tekoinen
"katse, katsella, katsoa"
käpristellä
liikavarvas
pedikyyri
pikkuvarvas
poikki
"sujuva, sujua"
elokuu
lokakuu
alumiini
brändi
keikkua
löytöretkeilijä
"merenkulku, merenkäynti"
miehistö
perämies
"puhaltaa, puhalluttaa"
"päällikkö, päämies"
rauma
risteily
ruori
seilata
"soutaja, soutaa, soutelu, soutu"
telakka
titanic
valtameri
cocktail
"kirsikka, kirsikka"
"versoa, verso"
"hieroa, hieronta"
hinkata
kammata
tuppo
"kiveys, kivettyä, kivijalka"
"murunen, muru"
plakki
sisäkäyttö
sukia
"suoristaa, suoria"
"takku, takkuinen"
terassi
"tiskaus, tiskata, tiski"
aula
eritasoinen
hissi
lakana
"maja, majapaikka"
"majoittaa, majailu, majoittua, majoitus"
motelli
"pyyhe, pyyhkiä"
tilapäinen
"täältä, täällä, tähän"
"ylellisyys, yleistyä"
"yösija, yöpymispaikka"
hitsata
kylki
"liite, liitetty, liittää"
linkki
"mainita, maine, mainittava"
mb
"oheinen, oheen, ohella, ohessa"
"liitin, liitos"
pdf
ppt
saate
"samanaikainen, samalla"
sivullinen
"tarkentaa, tarkemmin, tarkenne, tarkennus"
tosite
"trendikäs, trendi"
tutkielma
word
"huolehtivaisuus, huolehtivainen, huolehtia, huolenpito"
hurja
siittäjä
siittää
varttua
hakkarainen
"työstö, työstää"
pätkiä
sirkkeli
teuvo
"turmio, turmella"
paja
verstas
epäreilu
kanssaihminen
kisa
"menestyä, menestyä, menestyksekäs, menestys"
määrätietoisuus
"panostus, panostaa"
yltäkylläisyys
eskimo
etelänapa
grönlanti
iglu
ikijäätynyt
islanti
leveyspiiri
merenpinta
napa-alue
peräisin
pingviini
pohjoisnapa
"vähitellen, vähyys"
jakelu
artikkeli
asiapainotteinen
oka
hiipua
iltapäivä
journalismi
"juoru, juoruilla, juoruta"
kerrata
kioski
kärry
otsikko
painate
painomuste
painotuote
"paketoida, pakata, paketti, pakkautua"
luukku
puolueellinen
sytyke
"tabloid, tabletti"
tilkitä
turku
kansantarina
kettu
"oveluus, ovela"
"saksalainen, saksa"
siili
"tarhata, tarha"
"uskaltaa, uskalias"
"viekkaus, viekas"
atrain
haarake
"hopeinen, hopea"
"paikallaan, paikalla, paikoillaan"
pistin
polkupyörä
pääruoka
syömätikku
tökkiä
fotosynteesi
isotooppi
järjestysluku
mooli
o
o
otsoni
saanti
"sivutuote, sivuosa"
yhteytys
alkutaival
avuton
vielä
epäkypsä
keskenkasvuinen
lupaava
"nauraa, naurattaa, nauru"
parkua
potentiaali
"suloisuus, suloinen"
vaippa
"viattomuus, viaton"
arvonanto
"myönteinen, myötäinen"
suoda
työnkuva
panos
orientoitunut
harry
potter
fantasia
hirviö
hämmentää
iittala
levitaatio
maaginen
"mahdottomuus, mahdoton"
"muualle, muualla"
pakanallisuus
pakana
šamanismi
silmänkääntötemppu
"näppäryys, näppärä"
"taikuus, taika, loitsu, taikoa, taikuri"
ankea
kalteri
mätä
olinpaikka
"paeta, pako"
pahoinpitely
"pois, pois, poissa, poistaa, poisto, poistua"
rötöstellä
selli
sovittaa
kaista
asfaltti
päällystetty
osaa
"levyinen, levyinen"
erotettu
jo
keski
"mutkikas, mutka, mutkitella, mutkainen"
myös
perustus
piennar
"pinnoitettu, pinnoittaa"
päällystetty
risteys
sorainen
tms
toisaalle
vie
ainakin
"aisa, aisapari"
etenkin
jonkinlainen
kapasiteetti
kiinnike
"kiinnitetty, kiinnittää, kiinnittyä, kiinnitys"
kuppi
matkustelu
vetoinen
"pyörät, pyörällinen"
rattaat
suljettu
"suojaava, suoja, suojaisa, suojata, suojautua, suojelija, suojella, suojelu, suojus"
taakse
vetopeli
haukata
hontelo
kirahvi
kuviointi
"laikku, läikikäs, laikkuinen, laikukas, laikullinen, läiskä"
ripsi
"kirjava, kirjava"
tynkä
"alittaa, alitse, alittua"
kohtuullinen
"piena, pieli"
"pihapiiri, piha"
tienvarsi
avoimuus
he
jengi
komppania
logo
"valmentaja, valmentaa"
ystävyys
dvd
tyylilaji
"työ, työ, työllisyys"
täti
"nurkkaus, nurkka"
"lukusali, lukupaikka"
olohuone
palauttaa
yleissivistys
hienojakoinen
joten
jäte
noki
"nokikolari, nokisutari, nuohooja, nuohota"
"jäännös, jäänne"
pinttyä
"sotku, sotkea, sotkuinen"
"säännöllisesti, säännöllinen, säännönmukaisuus"
tomu
curry
hivenaine
hortensia
kuskus
muussata
parsa
pyree
ravintoarvo
"röpöinen, röpelöinen, rosoinen"
"vähä, vähä, vähäinen, vähän, vähän, vähemmän"
"yksittäin, yksitellen, yksittäinen"
10x15cm
"bussi, linja-auto"
"henkilöllisyys, identiteetti"
kukkaro
kuuluminen
käyntikortti
kääntöpuoli
läpyskä
"monenmuotoinen, monenlainen"
kantti
"onnitella, onnittelu"
pakka
sisällyttää
tasasivuinen
terveinen
desimetri
jana
"laku, lakritsi"
neliömetri
potenssi
sadasosa
sekunti
"skaalata, skaala"
viivoitin
"tuhat, tuhat"
yleisurheilu
painostaa
"vapaaehtoisuus, vapaaehtoinen"
yhtäaikainen
aprikoosi
mehevä
nukka
nyrkki
persikka
sametti
siperia
eli
erakko
"musta, musta, mustata"
levinneisyys
"suuri, suuri, suur, suurehko, suurentaa, suurentua, suureta"
"tankki, tankata"
"väli, väli, välillä, välille, välinen, välissä, välistä"
hautoa
koivu
korsi
käpertyä
kärkkyä
näin
pesäpallo
slangi
sanasto
tukikohta
"elinalue, elinpaikka, elinympäristö"
esi-isä
"kimppuun, kimppu"
pohjoisosa
pystykorva
raadella
rabies
ulvoa
vainota
crescent
ohja
ohjaustanko
"polkea, poljento, polkaista"
"pyöräily, pyörä"
soittokello
981m
alkuräjähdys
aurinkokunta
elinkelpoinen
koura
lillua
maailmankaikkeus
otollinen
s2
s
seitsemän
taivaankappale
tellus
"vesialue, vesistö"
deflaatio
devalvaatio
elintaso
"eläke, eläköityä"
"heikentää, heikentyä, heiketä"
indeksi
hyper
kallistua
"kapitalisti, kapitalistinen"
kelluttaa
keskuspankki
kiihtyä
lama
maailmansota
maanlaajuinen
markka
"romahtaa, romahduttaa"
stagflaatio
"uutisoida, uutinen, uutisointi"
yhteiskuntaoppi
alkukantainen
elinkeino
peijainen
kaatolupa
"kiinniotto, kiinnijäädä, kiinnipito"
lihansyöjä
luonnonläheinen
pyssy
"pyydystys, pyydystää"
alentua
"haaskaus, haaska"
huolellinen
hyötysuhde
"intensiivinen, intensiteetti"
"kohden, kohde, kohdentaa, kohdistaa, kohdistua"
"lopputulos, lopputulema"
p
pystyvyys
"toimintakyky, toimintakuntoinen"
täysillä
vatti
voltti
w
watti
lv
kauha
kummi
"lusikoida, lusikka"
spagetti
tylppä
"vertauskuva, vertaus"
deskriptiivinen
eri-ikäinen
heterogeeninen
ihmisjoukko
"ikärakenne, ikäluokka"
"jaottelu, jaotella"
makro
"miljoona, miljoona"
noin
perusjoukko
populaatio
relativistinen
"tilastotiede, tilastoida, tilasto, tilastollinen"
valtaväestö
väkiluku
väljä
yleistää
endeeminen
"irrallaan, irrallinen"
"kivikko, kivikkoinen"
"lomailla, loma, lomailu, lomanvietto"
maatie
palmu
rajautua
vaari
"jussi, jussi"
kitkeä
kuokka
"kuokkia, kuokkavieras"
käsipeli
luistelu
hiihto
möyhentää
oja
rikkaruoho
sananlasku
"särky, särkeä"
suo
"terä, terä, teräase"
vasara
ihaa
jukuripäinen
kantojuhta
"kasvissyöjä, kasvinsyöjä"
muuli
palmusunnuntai
piiska
pilkka
"puh, puh"
republikaani
ymmärtämättömyys
emeritus
"hapsi, hapsu"
"osaaja, ahvenanmaa, osaaminen, osata"
"perehtyä, perehtyneisyys"
"väitellä, väite, väittää, väittely"
henkilöauto
joukkoliikenne
kaksikerroksinen
"tilaus, tilata"
tkl
"ajanjakso, ajankohta"
"hiljaa, hiljaa, hiljainen, hiljaisuus, hiljalleen, hiljentää, hiljentyä"
"keventää, keveä, kevyehkö, kevyt"
kulkunopeus
käsivälitteinen
laitteisto
"peruutus, peruuttaa"
"puhelu, puhelin, puhelinvaihde"
pyörimisnopeus
risteämä
taaksepäin
"vaihdelaatikko, vaihdekeppi, vaihde, vaihteisto"
vastaaja
voimansiirto
välityssuhde
ylämäki
aamukampa
almanakka
"arkipäivä, arki, arkinen, arkipäivisin, arkisuus"
"edestakaisin, edestakainen"
"jakaus, jakautua, jako"
kampaaja
kampasimpukka
kampaus
käyttöesine
oikoa
povitasku
silottaa
tupeerata
täi
adenosiini
happo
alleeli
rihma
emäs
ilmentyä
ilmiasu
"kahdentua, kahtia"
juoste
melkein
"mutaatio, mutatoitua"
"muunnella, muunnelma, muunnos, muuntaa, muuntua, muutautuminen"
nukleotidi
"periytyä, periytyminen, perinnöllinen, perinnöllisyys"
palikka
resessiivinen
rna
tutkimusalue
selitteinen
variantti
elinkautinen
hulttio
katua
kuntouttaa
käsiraudat
"pahantahtoinen, paha, paheta, pahuus"
panttivanki
siepata
"syrjäytyä, syrjä"
vastainen
teljetä
"vastoin, vasten, vastoinkäyminen"
"keskenäinen, kesken"
"matkia, reissu"
"selviytyminen, selviytyä, selviytyjä"
tosissaan
ampumahiihto
ampumaurheilu
liipaisin
luvanvarainen
pamahtaa
virkavalta
"yksityishenkilö, yksityinen, yksityisyys"
audio
pönttö
syntaksi
"sävelkulku, sävel, sävellys, sävelmä, säveltää, säveltäjä"
verbalisointi
ytimekäs
älämölö
äänihuuli
ääntää
"arkeologia, arkeologi"
milloin
nolous
aikaisuus
synkronointi
viisari
"yhteensovittaminen, yhteensopiva"
ilmi
imago
kiiriä
"kokonaiskäsitys, kokonaisuus, kokonaisvaltainen"
kuulopuhe
mainostaja
mielivaltainen
"moraalikäsitys, moraali, moraalinen"
antioksidantti
etelä-eurooppa
"himo, himoita"
"kreikkalainen, kreikka"
nahistua
napostella
purppura
rusina
rypäs
ehtoollinen
julistaa
jumalanpalvelus
kolehti
liperi
lähettiläs
läppä
pedofiili
"pyhyys, pyhä, pyhittää"
riitti
"saarnaaja, saarna, saarnastuoli, saarnata"
sanansaattaja
siunata
synti
"teologinen, teologi, teologia"
täppä
"välikappale, välikäsi"
etelä-amerikka
lastu
muhkura
"muusi, muussaantua"
pikaruoka
sipsi
uppopaistaa
"ikinä, iki, koskaan"
"itsepäisyys, itsepäinen"
jääräpäisyys
kirkua
kummuta
"pakkomielle, pakko, pakkotoimi, pakonomainen, kauppias, kauppias"
"päättäväinen, päättäväisyys"
riivata
sisu
testamentti
tsempata
vaade
ansas
"apukeino, apu, apuri, apuväline"
bridge
gate
golden
holvi
kaide
koditon
kuilu
"kulkureitti, kulkusuunta, kulkuväylä"
lämpölaajeneminen
onkia
paikata
palkki
parru
pultsari
raippa
riippusilta
ristikko
rotko
sortua
"venyttely, venyä, venytellä, venyttää"
voimistelu
ylikulku
alipaine
bar
hydrauliikka
hydrostaattinen
kanssakäyminen
kiehua
kokoonpuristuminen
koripallo
kuohua
"litistää, litistyä"
"murskata, murska"
pascal
paisuttaa
pitkittyä
sietää
staattinen
tukala
atlantis
atlantti
edusta
horisontti
"kastella, kastua"
levä
lokki
napaseutu
norppa
vaahtoinen
ammentaa
eilen
kivikausi
kouluaine
nälkä
päntätä
pääsykoe
tekosyy
"uudestaan, uudelleen"
äsken
alttari
höllä
"ikoni, ikoninen"
"kaikua, kaikuisa, kaiku"
kanttori
"katolinen, katollinen, katolilaisuus"
"lähetystyö, lähetyssaarnaaja"
"ortodoksinen, ortodoksi, ortodoksisuus"
pitopaikka
"verotus, vero, verottaa"
"vihkiminen, vihkiä"
epäsosiaalinen
erikois
"hyväksikäyttäjä, hyväksikäyttää"
"suoriutuja, suorittaa, suorittaja, suoritus, suoriutua"
juonia
kiekko
konsoli
"liittoutua, liitto"
naistenmies
päihittää
uhkapeli
"aerodynaaminen, aerodynamiikka"
enkeli
ilmailu
"irrota, irroittaa, irrottaa, irtautua, irti, irto"
lepakko
lohikäärme
mutteri
perhonen
"räpyttää, räpytellä"
mylly
virtaviivainen
"aiheellinen, aihepiiri"
"epämieluinen, epämiellyttävä, epämukava"
kiperä
"koittaa, koitella"
mielipaha
mieluummin
moinen
pattitilanne
pulma
ainemäärä
desimaali
etusija
kvaliteetti
"kvantitatiivinen, kvantiteetti"
"laadullinen, laadukas"
laskin
"lukuarvo, luku, lukuinen, lukuisa, lukumäärä, määrä, määrällinen, lukema"
lyhenne
miinus
optimointi
relatiivinen
"sallittu, sallia"
äärellinen
antilooppi
erinäköinen
gaselli
"isänmaallisuus, isänmaallinen"
maskotti
maajoukkue
ravintoketju
"häipyä, häilyvä"
it
"luulo, luulla, luultavasti"
maanläheinen
nippeli
sanakirja
"tallessa, tallennus, tallentaa"
vailla
"valveutuneisuus, valve"
anarkia
entropia
"epäjärjestys, epäjärjestelmällisyys"
epätietoisuus
epätoivo
hajaannus
hermostuneisuus
huolimattomuus
levällään
lietso
"meluisa, melu, meluta, meteli"
osaamattomuus
osteoporoosi
klinikka
punk
"sekainen, sekavuus, sekava"
"sekaisin, sekamelska, sekasorto, sekasotku"
silloin
sorto
säännötön
termodynamiikka
tola
vierasperäinen
voimattomuus
"väkivaltaisuus, väkivalta"
anagrammi
barcelona
diureettinen
fitness
hauduttaa
hollandaise
"laihduttaa, laiha, laihduttaja, laihdutus, laihuus"
mauton
niemi
parmesaani
riku
sketsi
yksisirkkainen
blogi
"elinikä, elinikäinen, elinkaari, ikääntyä, ikä"
"huomauttaa, huomautus"
kalenteri
kielimuuri
kommentoida
"kusta, pissa"
loki
maininta
muistutus
raapustus
reviiri
vasa
yksikäsitteinen
"yksilöidä, yksilö, yksilökohtainen, yksilöllinen, yksilöllisyys"
yliviivaus
tussi
ampuma-aukko
"hämeenlinna, häme"
kaupunginosa
"kutsumanimi, lempinimi"
"piirittää, piiri"
vallihauta
väinö
"ylhäinen, ylhäistö, ylimystö"
"yms, ynnä"
atomilause
implisiittinen
"johdonmukainen, johdonmukaisuus"
konsistentti
plc
predikaatti
premissi
propositio
suoraviivainen
totuusarvo
"tunteettomuus, tunteeton"
"yleismaallinen, yleismaailmallinen"
"automaatti, automaattinen, automatisoida"
bonus
"eriarvoinen, eriarvoisuus"
etulyönti
etumatka
"kateellinen, kateus"
kaupanpäällinen
"konkreetti, konkreettinen"
"korvaus, korvata, korvike"
kuponki
lahjus
"myönnytys, myöntää"
plussa
suotuisa
"taka, taka, takaa, takana"
tarjous
"ansioluettelo, cv"
eriytyä
kehitysmaa
"kouluttaja, kouluttaa, kouluttautua, koulutus"
painottua
"peruskoulutus, peruskoulu"
perusoikeus
"ponnistelu, ponnistella, ponnistus"
tms
blondi
"valinta, valinnanvara, valinta, valita"
vointi
keratiini
säie
kihara
otsa
partneri
päälaki
päänahka
"sarveistuma, sarveiskuitu"
shampoo
vuosituhat
"värjäys, värittää, väritys, värjätä"
amazon
"entinen, entinen, entisaika, on, entuudestaan"
"jakaantua, jakaa"
kaarna
"kalja, olut"
kanaali
"kiemurrella, kiemurainen, kierre, kiertyä, kiemurteleva"
koski
lautta
lohi
uoma
niili
padota
perho
"päin, päin"
rapu
"rehevöittää, rehevä"
sisämaa
suisto
tukki
valuma
putous
eriniminen
heristää
jne
koukistaa
"osoitella, osoitin, osoittaa, osoittaja, osoittelu"
pinsettiote
pistekirjoitus
sauva
sorminäppäryys
syyhytä
tarttumaelin
"kuminen, kumi"
linnunpönttö
"naulata, naula, naulaus"
thor
pakki
"työmies, työläinen, työntekijä"
edelläkävijä
kasvihuonekaasu
"katsastus, katsastaa"
kuorma-auto
liike-energia
määräaika
nyky-yhteiskunta
"paloauto, paloasema"
kilpi
sähköauto
voimanlähde
ateria
"kattaus, kattaa"
"lasinen, lasi"
levitellä
sohva
vaakasuora
ennakkoluulo
immateriaalinen
lokaatio
yhdentekevä
alexsander
eturyhmä
eu
jankata
kansanedustaja
"keinottelu, keinotella"
kiero
kieroilu
kompromissi
lobbaus
maltillinen
merkityksetön
"nostattaa, nostaa, noste, nostella, nosto"
perua
populismi
"rehellisyys, rehellinen"
sara
sisäpolitiikka
soini
stubb
surkea
tabu
täyttämätön
ulkopolitiikka
yksimielinen
idiootti
"kelvollinen, kelvata"
kommunismi
"korruptio, korruptoida, korruptoitua, korruptoitunut"
latina
läntinen
oikeusturva
"reiluus, reilu"
sananvapaus
"tasapuolisuus, tasapäistää, tasapuolinen"
tasavalta
tasavertainen
"tasavertaisuus, seikka"
vaali
yhtäläinen
erityylinen
"hienostunut, hienostella, pramea"
itsellinen
kuvanveistäjä
yleissana
avainsana
hektinen
logaritminen
päivämäärä
pääpiste
spesifi
tasaväli
tiimalasi
adhd
apteekki
epäkunto
"epänormaali, epätavallinen, epätyypillinen, epämuodostua"
esiaste
ihmetyttää
jäykkäkouristus
"kuumotus, kuumottaa"
pahoinvointi
psykiatrinen
psykosomaattinen
"sivuvaikutus, sivuoire"
tiedostamaton
turvotus
vinkki
"väistämätön, väistää"
yhtymä
"ajastaa, ajoittaa"
al
etälaukaistava
ilotulite
kovaääninen
qaida
"terroristi, terrori, terrorismi"
tikittää
"ydinpommi, ydinkärki"
"purkittaa, purkki"
astrologia
"kahdeksan, kahdeksas"
makuuhuone
"suorakulma, suorakaide, suorakulmainen, suorakulmio"
"tarkoitusperä, tarkoitusperäinen"
arvoton
häpeä
laakeri
mitali
mitätön
nikkeli
"olympialainen, olympia"
"pettymys, pettää"
"oranssi, oranssi"
samea
"seostaa, senttimetri, sentti"
symbaali
aitotumainen
eukaryootti
hahvero
hallusinaatio
hapero
herkkusieni
imu
"itiö, itiöemä"
jalkasieni
kanttarelli
kloonata
kupu
lahottaa
lakki
lisääntymiselin
"myrkyllisyys, myrkky, myrkyllinen"
"päihtymys, päihde"
"rihmasto, kunnianimi"
"ryöpätä, ryöpsähdys"
räikeä
suppilovahvero
"symbioosi, symbioottinen"
tatti
hoku
jalokivi
kaivertaa
kihla
"kihlaus, häviö, kuormitus"
kihlautua
nyrkkirauta
rinkula
sinetti
tm
toroidi
tuohi
turhamaisuus
"upottaa, upota"
liiga
valkokulta
"vauraus, vauras, vaurastua"
arthur
elvis
"komentaja, komentaa, komento"
konsultoida
"monarkki, monarkia"
"muodollisuus, muodollinen"
pokeri
salomon
"valtaistuin, valtikka"
viitta
yksinvaltias
"yksinvaltijas, kääpä"
castra
epähygieeninen
"keskitys, keskittää"
keskitysleiri
laavu
makuupussi
"pysähtyminen, pysähdys, pysähtyä, pysäyttää"
päiväkoti
"rippikoulu, rippi, rippikoululainen"
"tehdä, tehdä, tehtävä, tehdä, tekevä, tekijä, tekeminen"
"vapautus, vapaus, vapauttaa, vapautua"
väkisin
reseptori
iiris
koordinaatio
lasiainen
linssi
mustuainen
neula
pupilli
"sokeus, sokeutua"
suonsilmä
tahdoton
"visuaalistaa, visuaalinen"
